{"ndcgk_10":{"TARSItemKNNLee_W3(K=200,similarity=pearson)":0.013984357,"TARSItemKNNLee_W5(K=200,similarity=cosine)":0.0075618688,"TARSItemKNNLiu(K=200,fit_decay=2.3148148148148147e-05,predict_decay=1.1574074074074073e-05)":0.0380925792,"TARSItemKNNDing(K=200,predict_decay=0.0001388888888888889,similarity=cosine)":0.0254694289,"TARSItemKNNLiu2012(K=200,decay=1000)":0.0060216504,"TARSItemKNNVaz(K=200,fit_decay=0.0002777777777777778,predict_decay=2.3148148148148147e-05)":0.0215132445,"TARSItemKNNLee(K=200,W=16,similarity=cosine)":0.0079795945,"TARSItemKNN(K=200,decay_function=exponential,fit_decay=9.259259259259259e-05,predict_decay=3.8580246913580245e-07,similarity=conditional_probability)":0.1169532834,"TARSItemKNN(K=200,decay_function=log,fit_decay=2,predict_decay=2,similarity=conditional_probability)":0.0069747207,"TARSItemKNN(K=200,decay_function=linear,fit_decay=1,predict_decay=1,similarity=conditional_probability)":0.0131896943,"TARSItemKNN(K=200,decay_function=concave,fit_decay=0.9,predict_decay=0.9,similarity=conditional_probability)":0.0128855659,"TARSItemKNN(K=200,decay_function=convex,fit_decay=0.3,predict_decay=0.9,similarity=conditional_probability)":0.0011010528,"TARSItemKNN(K=200,decay_function=linear_steeper,fit_decay=5,predict_decay=1,similarity=conditional_probability)":0.0549542872},"ndcgk_20":{"TARSItemKNNLee_W3(K=200,similarity=pearson)":0.0184371764,"TARSItemKNNLee_W5(K=200,similarity=cosine)":0.0100858264,"TARSItemKNNLiu(K=200,fit_decay=2.3148148148148147e-05,predict_decay=1.1574074074074073e-05)":0.0493087863,"TARSItemKNNDing(K=200,predict_decay=0.0001388888888888889,similarity=cosine)":0.0288440752,"TARSItemKNNLiu2012(K=200,decay=1000)":0.0082025384,"TARSItemKNNVaz(K=200,fit_decay=0.0002777777777777778,predict_decay=2.3148148148148147e-05)":0.027499145,"TARSItemKNNLee(K=200,W=16,similarity=cosine)":0.0105075656,"TARSItemKNN(K=200,decay_function=exponential,fit_decay=9.259259259259259e-05,predict_decay=3.8580246913580245e-07,similarity=conditional_probability)":0.12659196,"TARSItemKNN(K=200,decay_function=log,fit_decay=2,predict_decay=2,similarity=conditional_probability)":0.0096826838,"TARSItemKNN(K=200,decay_function=linear,fit_decay=1,predict_decay=1,similarity=conditional_probability)":0.0165417428,"TARSItemKNN(K=200,decay_function=concave,fit_decay=0.9,predict_decay=0.9,similarity=conditional_probability)":0.0161803602,"TARSItemKNN(K=200,decay_function=convex,fit_decay=0.3,predict_decay=0.9,similarity=conditional_probability)":0.0012769631,"TARSItemKNN(K=200,decay_function=linear_steeper,fit_decay=5,predict_decay=1,similarity=conditional_probability)":0.0701143243},"ndcgk_50":{"TARSItemKNNLee_W3(K=200,similarity=pearson)":0.0260667523,"TARSItemKNNLee_W5(K=200,similarity=cosine)":0.0141304217,"TARSItemKNNLiu(K=200,fit_decay=2.3148148148148147e-05,predict_decay=1.1574074074074073e-05)":0.065224139,"TARSItemKNNDing(K=200,predict_decay=0.0001388888888888889,similarity=cosine)":0.0356553242,"TARSItemKNNLiu2012(K=200,decay=1000)":0.0121740197,"TARSItemKNNVaz(K=200,fit_decay=0.0002777777777777778,predict_decay=2.3148148148148147e-05)":0.0379909368,"TARSItemKNNLee(K=200,W=16,similarity=cosine)":0.0146960612,"TARSItemKNN(K=200,decay_function=exponential,fit_decay=9.259259259259259e-05,predict_decay=3.8580246913580245e-07,similarity=conditional_probability)":0.1324845953,"TARSItemKNN(K=200,decay_function=log,fit_decay=2,predict_decay=2,similarity=conditional_probability)":0.0145096672,"TARSItemKNN(K=200,decay_function=linear,fit_decay=1,predict_decay=1,similarity=conditional_probability)":0.0339809542,"TARSItemKNN(K=200,decay_function=concave,fit_decay=0.9,predict_decay=0.9,similarity=conditional_probability)":0.0332973512,"TARSItemKNN(K=200,decay_function=convex,fit_decay=0.3,predict_decay=0.9,similarity=conditional_probability)":0.0013155372,"TARSItemKNN(K=200,decay_function=linear_steeper,fit_decay=5,predict_decay=1,similarity=conditional_probability)":0.0817270495},"coveragek_10":{"TARSItemKNNLee_W3(K=200,similarity=pearson)":0.6971326165,"TARSItemKNNLee_W5(K=200,similarity=cosine)":0.5845878136,"TARSItemKNNLiu(K=200,fit_decay=2.3148148148148147e-05,predict_decay=1.1574074074074073e-05)":0.7186379928,"TARSItemKNNDing(K=200,predict_decay=0.0001388888888888889,similarity=cosine)":0.8039426523,"TARSItemKNNLiu2012(K=200,decay=1000)":0.5508960573,"TARSItemKNNVaz(K=200,fit_decay=0.0002777777777777778,predict_decay=2.3148148148148147e-05)":0.7301075269,"TARSItemKNNLee(K=200,W=16,similarity=cosine)":0.6028673835,"TARSItemKNN(K=200,decay_function=exponential,fit_decay=9.259259259259259e-05,predict_decay=3.8580246913580245e-07,similarity=conditional_probability)":0.1304659498,"TARSItemKNN(K=200,decay_function=log,fit_decay=2,predict_decay=2,similarity=conditional_probability)":0.1132616487,"TARSItemKNN(K=200,decay_function=linear,fit_decay=1,predict_decay=1,similarity=conditional_probability)":0.1218637993,"TARSItemKNN(K=200,decay_function=concave,fit_decay=0.9,predict_decay=0.9,similarity=conditional_probability)":0.1222222222,"TARSItemKNN(K=200,decay_function=convex,fit_decay=0.3,predict_decay=0.9,similarity=conditional_probability)":0.0250896057,"TARSItemKNN(K=200,decay_function=linear_steeper,fit_decay=5,predict_decay=1,similarity=conditional_probability)":0.2584229391},"coveragek_20":{"TARSItemKNNLee_W3(K=200,similarity=pearson)":0.7709677419,"TARSItemKNNLee_W5(K=200,similarity=cosine)":0.7129032258,"TARSItemKNNLiu(K=200,fit_decay=2.3148148148148147e-05,predict_decay=1.1574074074074073e-05)":0.794265233,"TARSItemKNNDing(K=200,predict_decay=0.0001388888888888889,similarity=cosine)":0.8741935484,"TARSItemKNNLiu2012(K=200,decay=1000)":0.6831541219,"TARSItemKNNVaz(K=200,fit_decay=0.0002777777777777778,predict_decay=2.3148148148148147e-05)":0.8713261649,"TARSItemKNNLee(K=200,W=16,similarity=cosine)":0.7261648746,"TARSItemKNN(K=200,decay_function=exponential,fit_decay=9.259259259259259e-05,predict_decay=3.8580246913580245e-07,similarity=conditional_probability)":0.2207885305,"TARSItemKNN(K=200,decay_function=log,fit_decay=2,predict_decay=2,similarity=conditional_probability)":0.1845878136,"TARSItemKNN(K=200,decay_function=linear,fit_decay=1,predict_decay=1,similarity=conditional_probability)":0.2082437276,"TARSItemKNN(K=200,decay_function=concave,fit_decay=0.9,predict_decay=0.9,similarity=conditional_probability)":0.2082437276,"TARSItemKNN(K=200,decay_function=convex,fit_decay=0.3,predict_decay=0.9,similarity=conditional_probability)":0.0311827957,"TARSItemKNN(K=200,decay_function=linear_steeper,fit_decay=5,predict_decay=1,similarity=conditional_probability)":0.3340501792},"calibratedrecallk_10":{"TARSItemKNNLee_W3(K=200,similarity=pearson)":0.0264798943,"TARSItemKNNLee_W5(K=200,similarity=cosine)":0.0141461616,"TARSItemKNNLiu(K=200,fit_decay=2.3148148148148147e-05,predict_decay=1.1574074074074073e-05)":0.0718674162,"TARSItemKNNDing(K=200,predict_decay=0.0001388888888888889,similarity=cosine)":0.0412711578,"TARSItemKNNLiu2012(K=200,decay=1000)":0.0113814395,"TARSItemKNNVaz(K=200,fit_decay=0.0002777777777777778,predict_decay=2.3148148148148147e-05)":0.0437440482,"TARSItemKNNLee(K=200,W=16,similarity=cosine)":0.0146991061,"TARSItemKNN(K=200,decay_function=exponential,fit_decay=9.259259259259259e-05,predict_decay=3.8580246913580245e-07,similarity=conditional_probability)":0.1961416767,"TARSItemKNN(K=200,decay_function=log,fit_decay=2,predict_decay=2,similarity=conditional_probability)":0.0127791601,"TARSItemKNN(K=200,decay_function=linear,fit_decay=1,predict_decay=1,similarity=conditional_probability)":0.0261419838,"TARSItemKNN(K=200,decay_function=concave,fit_decay=0.9,predict_decay=0.9,similarity=conditional_probability)":0.0254354437,"TARSItemKNN(K=200,decay_function=convex,fit_decay=0.3,predict_decay=0.9,similarity=conditional_probability)":0.0020274629,"TARSItemKNN(K=200,decay_function=linear_steeper,fit_decay=5,predict_decay=1,similarity=conditional_probability)":0.1151199582},