{"ndcgk_10":{"TARSItemKNNLee_W3(K=200,similarity=pearson)":0.0093086261,"TARSItemKNNLee_W5(K=200,similarity=cosine)":0.0056341638,"TARSItemKNNLiu(K=200,fit_decay=2.3148148148148147e-05,predict_decay=1.1574074074074073e-05)":0.030414323,"TARSItemKNNDing(K=200,predict_decay=0.0001388888888888889,similarity=cosine)":0.0152792293,"TARSItemKNNLiu2012(K=200,decay=1000)":0.0046446197,"TARSItemKNNVaz(K=200,fit_decay=0.0002777777777777778,predict_decay=4.6296296296296294e-05)":0.0150067018,"TARSItemKNN(K=200,decay_function=exponential,decay_interval=1,fit_decay=0.0002777777777777778,predict_decay=1.1574074074074073e-05,similarity=conditional_probability)":0.1845575343,"TARSItemKNN(K=200,decay_function=log,decay_interval=1,fit_decay=2,predict_decay=2,similarity=conditional_probability)":0.0067995891,"TARSItemKNN(K=200,decay_function=linear,decay_interval=1,fit_decay=1,predict_decay=1,similarity=conditional_probability)":0.0136033629,"TARSItemKNN(K=200,decay_function=concave,decay_interval=1,fit_decay=0.9,predict_decay=0.9,similarity=conditional_probability)":0.0132187618,"TARSItemKNN(K=200,decay_function=linear_steeper,decay_interval=1,fit_decay=5,predict_decay=1,similarity=conditional_probability)":0.0686090669,"TARSItemKNN(K=200,decay_function=inverse,decay_interval=3600,fit_decay=0.0002777777777777778,predict_decay=0.0002777777777777778,similarity=conditional_probability)":0.1847540128},"ndcgk_20":{"TARSItemKNNLee_W3(K=200,similarity=pearson)":0.0135983598,"TARSItemKNNLee_W5(K=200,similarity=cosine)":0.0084362601,"TARSItemKNNLiu(K=200,fit_decay=2.3148148148148147e-05,predict_decay=1.1574074074074073e-05)":0.0463024241,"TARSItemKNNDing(K=200,predict_decay=0.0001388888888888889,similarity=cosine)":0.0185495686,"TARSItemKNNLiu2012(K=200,decay=1000)":0.0071302713,"TARSItemKNNVaz(K=200,fit_decay=0.0002777777777777778,predict_decay=4.6296296296296294e-05)":0.0221029008,"TARSItemKNN(K=200,decay_function=exponential,decay_interval=1,fit_decay=0.0002777777777777778,predict_decay=1.1574074074074073e-05,similarity=conditional_probability)":0.1948731458,"TARSItemKNN(K=200,decay_function=log,decay_interval=1,fit_decay=2,predict_decay=2,similarity=conditional_probability)":0.0099052058,"TARSItemKNN(K=200,decay_function=linear,decay_interval=1,fit_decay=1,predict_decay=1,similarity=conditional_probability)":0.0173037445,"TARSItemKNN(K=200,decay_function=concave,decay_interval=1,fit_decay=0.9,predict_decay=0.9,similarity=conditional_probability)":0.0168490598,"TARSItemKNN(K=200,decay_function=linear_steeper,decay_interval=1,fit_decay=5,predict_decay=1,similarity=conditional_probability)":0.0894520143,"TARSItemKNN(K=200,decay_function=inverse,decay_interval=3600,fit_decay=0.0002777777777777778,predict_decay=0.0002777777777777778,similarity=conditional_probability)":0.1941912061},"ndcgk_50":{"TARSItemKNNLee_W3(K=200,similarity=pearson)":0.0233112716,"TARSItemKNNLee_W5(K=200,similarity=cosine)":0.0128265075,"TARSItemKNNLiu(K=200,fit_decay=2.3148148148148147e-05,predict_decay=1.1574074074074073e-05)":0.0701177893,"TARSItemKNNDing(K=200,predict_decay=0.0001388888888888889,similarity=cosine)":0.026941346,"TARSItemKNNLiu2012(K=200,decay=1000)":0.0115567288,"TARSItemKNNVaz(K=200,fit_decay=0.0002777777777777778,predict_decay=4.6296296296296294e-05)":0.0373553986,"TARSItemKNN(K=200,decay_function=exponential,decay_interval=1,fit_decay=0.0002777777777777778,predict_decay=1.1574074074074073e-05,similarity=conditional_probability)":0.2014940816,"TARSItemKNN(K=200,decay_function=log,decay_interval=1,fit_decay=2,predict_decay=2,similarity=conditional_probability)":0.0158305953,"TARSItemKNN(K=200,decay_function=linear,decay_interval=1,fit_decay=1,predict_decay=1,similarity=conditional_probability)":0.040489206,"TARSItemKNN(K=200,decay_function=concave,decay_interval=1,fit_decay=0.9,predict_decay=0.9,similarity=conditional_probability)":0.0397298791,"TARSItemKNN(K=200,decay_function=linear_steeper,decay_interval=1,fit_decay=5,predict_decay=1,similarity=conditional_probability)":0.1072311121,"TARSItemKNN(K=200,decay_function=inverse,decay_interval=3600,fit_decay=0.0002777777777777778,predict_decay=0.0002777777777777778,similarity=conditional_probability)":0.2005112849},"coveragek_10":{"TARSItemKNNLee_W3(K=200,similarity=pearson)":0.7039426523,"TARSItemKNNLee_W5(K=200,similarity=cosine)":0.5835125448,"TARSItemKNNLiu(K=200,fit_decay=2.3148148148148147e-05,predict_decay=1.1574074074074073e-05)":0.7182795699,"TARSItemKNNDing(K=200,predict_decay=0.0001388888888888889,similarity=cosine)":0.7971326165,"TARSItemKNNLiu2012(K=200,decay=1000)":0.5369175627,"TARSItemKNNVaz(K=200,fit_decay=0.0002777777777777778,predict_decay=4.6296296296296294e-05)":0.7437275986,"TARSItemKNN(K=200,decay_function=exponential,decay_interval=1,fit_decay=0.0002777777777777778,predict_decay=1.1574074074074073e-05,similarity=conditional_probability)":0.1462365591,"TARSItemKNN(K=200,decay_function=log,decay_interval=1,fit_decay=2,predict_decay=2,similarity=conditional_probability)":0.1050179211,"TARSItemKNN(K=200,decay_function=linear,decay_interval=1,fit_decay=1,predict_decay=1,similarity=conditional_probability)":0.1093189964,"TARSItemKNN(K=200,decay_function=concave,decay_interval=1,fit_decay=0.9,predict_decay=0.9,similarity=conditional_probability)":0.1078853047,"TARSItemKNN(K=200,decay_function=linear_steeper,decay_interval=1,fit_decay=5,predict_decay=1,similarity=conditional_probability)":0.2591397849,"TARSItemKNN(K=200,decay_function=inverse,decay_interval=3600,fit_decay=0.0002777777777777778,predict_decay=0.0002777777777777778,similarity=conditional_probability)":0.1344086022},"coveragek_20":{"TARSItemKNNLee_W3(K=200,similarity=pearson)":0.7724014337,"TARSItemKNNLee_W5(K=200,similarity=cosine)":0.7082437276,"TARSItemKNNLiu(K=200,fit_decay=2.3148148148148147e-05,predict_decay=1.1574074074074073e-05)":0.7971326165,"TARSItemKNNDing(K=200,predict_decay=0.0001388888888888889,similarity=cosine)":0.8749103943,"TARSItemKNNLiu2012(K=200,decay=1000)":0.6759856631,"TARSItemKNNVaz(K=200,fit_decay=0.0002777777777777778,predict_decay=4.6296296296296294e-05)":0.8838709677,"TARSItemKNN(K=200,decay_function=exponential,decay_interval=1,fit_decay=0.0002777777777777778,predict_decay=1.1574074074074073e-05,similarity=conditional_probability)":0.2189964158,"TARSItemKNN(K=200,decay_function=log,decay_interval=1,fit_decay=2,predict_decay=2,similarity=conditional_probability)":0.1691756272,"TARSItemKNN(K=200,decay_function=linear,decay_interval=1,fit_decay=1,predict_decay=1,similarity=conditional_probability)":0.1892473118,"TARSItemKNN(K=200,decay_function=concave,decay_interval=1,fit_decay=0.9,predict_decay=0.9,similarity=conditional_probability)":0.1888888889,"TARSItemKNN(K=200,decay_function=linear_steeper,decay_interval=1,fit_decay=5,predict_decay=1,similarity=conditional_probability)":0.3333333333,"TARSItemKNN(K=200,decay_function=inverse,decay_interval=3600,fit_decay=0.0002777777777777778,predict_decay=0.0002777777777777778,similarity=conditional_probability)":0.2286738351},"calibratedrecallk_10":{"TARSItemKNNLee_W3(K=200,similarity=pearson)":0.014605751,"TARSItemKNNLee_W5(K=200,similarity=cosine)":0.0087389039,"TARSItemKNNLiu(K=200,fit_decay=2.3148148148148147e-05,predict_decay=1.1574074074074073e-05)":0.0464255977,"TARSItemKNNDing(K=200,predict_decay=0.0001388888888888889,similarity=cosine)":0.0202481418,