{"ndcgk_10":{"TARSItemKNNHermann(K=200,decay_interval=1)":0.00073065,"TARSItemKNNXia(K=200,decay_function=concave,decay_interval=1630101,fit_decay=0.9167257000918403)":0.0409060038,"TARSItemKNNXia(K=200,decay_function=linear,decay_interval=1462070,fit_decay=8.071611797184337)":0.0430667793,"TARSItemKNNXia(K=200,decay_function=convex,decay_interval=68660,fit_decay=0.34427413784162864)":0.0439013786},"ndcgk_20":{"TARSItemKNNHermann(K=200,decay_interval=1)":0.0010133232,"TARSItemKNNXia(K=200,decay_function=concave,decay_interval=1630101,fit_decay=0.9167257000918403)":0.047195047,"TARSItemKNNXia(K=200,decay_function=linear,decay_interval=1462070,fit_decay=8.071611797184337)":0.0500258711,"TARSItemKNNXia(K=200,decay_function=convex,decay_interval=68660,fit_decay=0.34427413784162864)":0.0510969231},"ndcgk_50":{"TARSItemKNNHermann(K=200,decay_interval=1)":0.0017463672,"TARSItemKNNXia(K=200,decay_function=concave,decay_interval=1630101,fit_decay=0.9167257000918403)":0.0546166148,"TARSItemKNNXia(K=200,decay_function=linear,decay_interval=1462070,fit_decay=8.071611797184337)":0.0582912472,"TARSItemKNNXia(K=200,decay_function=convex,decay_interval=68660,fit_decay=0.34427413784162864)":0.0598407358},"coveragek_10":{"TARSItemKNNHermann(K=200,decay_interval=1)":0.6425848477,"TARSItemKNNXia(K=200,decay_function=concave,decay_interval=1630101,fit_decay=0.9167257000918403)":0.4166327399,"TARSItemKNNXia(K=200,decay_function=linear,decay_interval=1462070,fit_decay=8.071611797184337)":0.4967985492,"TARSItemKNNXia(K=200,decay_function=convex,decay_interval=68660,fit_decay=0.34427413784162864)":0.5464673008},"coveragek_20":{"TARSItemKNNHermann(K=200,decay_interval=1)":0.7667567267,"TARSItemKNNXia(K=200,decay_function=concave,decay_interval=1630101,fit_decay=0.9167257000918403)":0.5463192568,"TARSItemKNNXia(K=200,decay_function=linear,decay_interval=1462070,fit_decay=8.071611797184337)":0.636404012,"TARSItemKNNXia(K=200,decay_function=convex,decay_interval=68660,fit_decay=0.34427413784162864)":0.693993116},"calibratedrecallk_10":{"TARSItemKNNHermann(K=200,decay_interval=1)":0.0015101141,"TARSItemKNNXia(K=200,decay_function=concave,decay_interval=1630101,fit_decay=0.9167257000918403)":0.0715842802,"TARSItemKNNXia(K=200,decay_function=linear,decay_interval=1462070,fit_decay=8.071611797184337)":0.0761511576,"TARSItemKNNXia(K=200,decay_function=convex,decay_interval=68660,fit_decay=0.34427413784162864)":0.0782945453},"calibratedrecallk_20":{"TARSItemKNNHermann(K=200,decay_interval=1)":0.0026426997,"TARSItemKNNXia(K=200,decay_function=concave,decay_interval=1630101,fit_decay=0.9167257000918403)":0.0964402713,"TARSItemKNNXia(K=200,decay_function=linear,decay_interval=1462070,fit_decay=8.071611797184337)":0.1037229184,"TARSItemKNNXia(K=200,decay_function=convex,decay_interval=68660,fit_decay=0.34427413784162864)":0.1068892867},"calibratedrecallk_50":{"TARSItemKNNHermann(K=200,decay_interval=1)":0.0063692716,"TARSItemKNNXia(K=200,decay_function=concave,decay_interval=1630101,fit_decay=0.9167257000918403)":0.1337547039,"TARSItemKNNXia(K=200,decay_function=linear,decay_interval=1462070,fit_decay=8.071611797184337)":0.1453850182,"TARSItemKNNXia(K=200,decay_function=convex,decay_interval=68660,fit_decay=0.34427413784162864)":0.1509992328},"reciprocalrankk_10":{"TARSItemKNNHermann(K=200,decay_interval=1)":0.0004984469,"TARSItemKNNXia(K=200,decay_function=concave,decay_interval=1630101,fit_decay=0.9167257000918403)":0.0315286097,"TARSItemKNNXia(K=200,decay_function=linear,decay_interval=1462070,fit_decay=8.071611797184337)":0.032957849,"TARSItemKNNXia(K=200,decay_function=convex,decay_interval=68660,fit_decay=0.34427413784162864)":0.033423975},"reciprocalrankk_20":{"TARSItemKNNHermann(K=200,decay_interval=1)":0.000574187,"TARSItemKNNXia(K=200,decay_function=concave,decay_interval=1630101,fit_decay=0.9167257000918403)":0.0332573444,"TARSItemKNNXia(K=200,decay_function=linear,decay_interval=1462070,fit_decay=8.071611797184337)":0.0348618575,"TARSItemKNNXia(K=200,decay_function=convex,decay_interval=68660,fit_decay=0.34427413784162864)":0.0353811588},"reciprocalrankk_50":{"TARSItemKNNHermann(K=200,decay_interval=1)":0.0006893946,"TARSItemKNNXia(K=200,decay_function=concave,decay_interval=1630101,fit_decay=0.9167257000918403)":0.0344560111,"TARSItemKNNXia(K=200,decay_function=linear,decay_interval=1462070,fit_decay=8.071611797184337)":0.0361883607,"TARSItemKNNXia(K=200,decay_function=convex,decay_interval=68660,fit_decay=0.34427413784162864)":0.0367812672},"precisionk_10":{"TARSItemKNNHermann(K=200,decay_interval=1)":0.0001510114,"TARSItemKNNXia(K=200,decay_function=concave,decay_interval=1630101,fit_decay=0.9167257000918403)":0.007158428,"TARSItemKNNXia(K=200,decay_function=linear,decay_interval=1462070,fit_decay=8.071611797184337)":0.0076151158,"TARSItemKNNXia(K=200,decay_function=convex,decay_interval=68660,fit_decay=0.34427413784162864)":0.0078294545},"precisionk_20":{"TARSItemKNNHermann(K=200,decay_interval=1)":0.000132135,"TARSItemKNNXia(K=200,decay_function=concave,decay_interval=1630101,fit_decay=0.9167257000918403)":0.0048220136,"TARSItemKNNXia(K=200,decay_function=linear,decay_interval=1462070,fit_decay=8.071611797184337)":0.0051861459,"TARSItemKNNXia(K=200,decay_function=convex,decay_interval=68660,fit_decay=0.34427413784162864)":0.0053444643},"precisionk_50":{"TARSItemKNNHermann(K=200,decay_interval=1)":0.0001273854,"TARSItemKNNXia(K=200,decay_function=concave,decay_interval=1630101,fit_decay=0.9167257000918403)":0.0026750941,"TARSItemKNNXia(K=200,decay_function=linear,decay_interval=1462070,fit_decay=8.071611797184337)":0.0029077004,"TARSItemKNNXia(K=200,decay_function=convex,decay_interval=68660,fit_decay=0.34427413784162864)":0.0030199847}}