{"ndcgk_10":{"TARSItemKNNHermann(K=200,decay_interval=2113066)":0.0025311911,"TARSItemKNNXia(K=200,decay_function=concave,decay_interval=1591835,fit_decay=0.24797590199958375)":0.1432102259,"TARSItemKNNXia(K=200,decay_function=linear,decay_interval=1957136,fit_decay=0.9782133871870524)":0.1432102259,"TARSItemKNNXia(K=200,decay_function=convex,decay_interval=210986,fit_decay=0.5888017278727214)":0.143210334},"ndcgk_20":{"TARSItemKNNHermann(K=200,decay_interval=2113066)":0.0042735259,"TARSItemKNNXia(K=200,decay_function=concave,decay_interval=1591835,fit_decay=0.24797590199958375)":0.161687354,"TARSItemKNNXia(K=200,decay_function=linear,decay_interval=1957136,fit_decay=0.9782133871870524)":0.161687354,"TARSItemKNNXia(K=200,decay_function=convex,decay_interval=210986,fit_decay=0.5888017278727214)":0.1616864787},"ndcgk_50":{"TARSItemKNNHermann(K=200,decay_interval=2113066)":0.0090763006,"TARSItemKNNXia(K=200,decay_function=concave,decay_interval=1591835,fit_decay=0.24797590199958375)":0.1800139674,"TARSItemKNNXia(K=200,decay_function=linear,decay_interval=1957136,fit_decay=0.9782133871870524)":0.1800139516,"TARSItemKNNXia(K=200,decay_function=convex,decay_interval=210986,fit_decay=0.5888017278727214)":0.1800140473},"coveragek_10":{"TARSItemKNNHermann(K=200,decay_interval=2113066)":0.4995369693,"TARSItemKNNXia(K=200,decay_function=concave,decay_interval=1591835,fit_decay=0.24797590199958375)":0.6668128869,"TARSItemKNNXia(K=200,decay_function=linear,decay_interval=1957136,fit_decay=0.9782133871870524)":0.6668128869,"TARSItemKNNXia(K=200,decay_function=convex,decay_interval=210986,fit_decay=0.5888017278727214)":0.6667641468},"coveragek_20":{"TARSItemKNNHermann(K=200,decay_interval=2113066)":0.6039381976,"TARSItemKNNXia(K=200,decay_function=concave,decay_interval=1591835,fit_decay=0.24797590199958375)":0.7941219477,"TARSItemKNNXia(K=200,decay_function=linear,decay_interval=1957136,fit_decay=0.9782133871870524)":0.7941706877,"TARSItemKNNXia(K=200,decay_function=convex,decay_interval=210986,fit_decay=0.5888017278727214)":0.7941219477},"calibratedrecallk_10":{"TARSItemKNNHermann(K=200,decay_interval=2113066)":0.0059200517,"TARSItemKNNXia(K=200,decay_function=concave,decay_interval=1591835,fit_decay=0.24797590199958375)":0.2451317881,"TARSItemKNNXia(K=200,decay_function=linear,decay_interval=1957136,fit_decay=0.9782133871870524)":0.2451317881,"TARSItemKNNXia(K=200,decay_function=convex,decay_interval=210986,fit_decay=0.5888017278727214)":0.2451317881},"calibratedrecallk_20":{"TARSItemKNNHermann(K=200,decay_interval=2113066)":0.0129365666,"TARSItemKNNXia(K=200,decay_function=concave,decay_interval=1591835,fit_decay=0.24797590199958375)":0.3182845875,"TARSItemKNNXia(K=200,decay_function=linear,decay_interval=1957136,fit_decay=0.9782133871870524)":0.3182845875,"TARSItemKNNXia(K=200,decay_function=convex,decay_interval=210986,fit_decay=0.5888017278727214)":0.3182803376},"calibratedrecallk_50":{"TARSItemKNNHermann(K=200,decay_interval=2113066)":0.0376282395,"TARSItemKNNXia(K=200,decay_function=concave,decay_interval=1591835,fit_decay=0.24797590199958375)":0.4102132579,"TARSItemKNNXia(K=200,decay_function=linear,decay_interval=1957136,fit_decay=0.9782133871870524)":0.4102132579,"TARSItemKNNXia(K=200,decay_function=convex,decay_interval=210986,fit_decay=0.5888017278727214)":0.4102132579},"reciprocalrankk_10":{"TARSItemKNNHermann(K=200,decay_interval=2113066)":0.001531728,"TARSItemKNNXia(K=200,decay_function=concave,decay_interval=1591835,fit_decay=0.24797590199958375)":0.1118540571,"TARSItemKNNXia(K=200,decay_function=linear,decay_interval=1957136,fit_decay=0.9782133871870524)":0.1118540571,"TARSItemKNNXia(K=200,decay_function=convex,decay_interval=210986,fit_decay=0.5888017278727214)":0.1118541582},"reciprocalrankk_20":{"TARSItemKNNHermann(K=200,decay_interval=2113066)":0.0019932978,"TARSItemKNNXia(K=200,decay_function=concave,decay_interval=1591835,fit_decay=0.24797590199958375)":0.1169153151,"TARSItemKNNXia(K=200,decay_function=linear,decay_interval=1957136,fit_decay=0.9782133871870524)":0.1169153151,"TARSItemKNNXia(K=200,decay_function=convex,decay_interval=210986,fit_decay=0.5888017278727214)":0.1169151927},"reciprocalrankk_50":{"TARSItemKNNHermann(K=200,decay_interval=2113066)":0.002725134,"TARSItemKNNXia(K=200,decay_function=concave,decay_interval=1591835,fit_decay=0.24797590199958375)":0.119894393,"TARSItemKNNXia(K=200,decay_function=linear,decay_interval=1957136,fit_decay=0.9782133871870524)":0.1198943819,"TARSItemKNNXia(K=200,decay_function=convex,decay_interval=210986,fit_decay=0.5888017278727214)":0.1198944729},"precisionk_10":{"TARSItemKNNHermann(K=200,decay_interval=2113066)":0.0005920052,"TARSItemKNNXia(K=200,decay_function=concave,decay_interval=1591835,fit_decay=0.24797590199958375)":0.0245131788,"TARSItemKNNXia(K=200,decay_function=linear,decay_interval=1957136,fit_decay=0.9782133871870524)":0.0245131788,"TARSItemKNNXia(K=200,decay_function=convex,decay_interval=210986,fit_decay=0.5888017278727214)":0.0245131788},"precisionk_20":{"TARSItemKNNHermann(K=200,decay_interval=2113066)":0.0006468283,"TARSItemKNNXia(K=200,decay_function=concave,decay_interval=1591835,fit_decay=0.24797590199958375)":0.0159142294,"TARSItemKNNXia(K=200,decay_function=linear,decay_interval=1957136,fit_decay=0.9782133871870524)":0.0159142294,"TARSItemKNNXia(K=200,decay_function=convex,decay_interval=210986,fit_decay=0.5888017278727214)":0.0159140169},"precisionk_50":{"TARSItemKNNHermann(K=200,decay_interval=2113066)":0.0007525648,"TARSItemKNNXia(K=200,decay_function=concave,decay_interval=1591835,fit_decay=0.24797590199958375)":0.0082042652,"TARSItemKNNXia(K=200,decay_function=linear,decay_interval=1957136,fit_decay=0.9782133871870524)":0.0082042652,"TARSItemKNNXia(K=200,decay_function=convex,decay_interval=210986,fit_decay=0.5888017278727214)":0.0082042652}}