{"ndcgk_10":{"TARSItemKNNHermann(K=200,decay_interval=1)":0.0018736637,"TARSItemKNNXia(K=200,decay_function=convex,decay_interval=2499969,fit_decay=0.921803198927347)":0.0104540551,"TARSItemKNNCoocDistance(K=200,decay_function=exponential,decay_interval=1,event_age_weight=0.714172519813198,fit_decay=0.853033969812127,predict_decay=0.7201054763262953,similarity=hermann)":0.0,"TARSItemKNNCoocDistance(K=200,decay_function=log,decay_interval=1844174,event_age_weight=0.35660554661214505,fit_decay=43,predict_decay=28,similarity=cooc)":0.0094695071,"TARSItemKNNCoocDistance(K=200,decay_function=linear,decay_interval=1239834,event_age_weight=0.724503946965348,fit_decay=4.296412491755193,predict_decay=6.837129122386395,similarity=cooc)":0.0144249299},"ndcgk_20":{"TARSItemKNNHermann(K=200,decay_interval=1)":0.0027531082,"TARSItemKNNXia(K=200,decay_function=convex,decay_interval=2499969,fit_decay=0.921803198927347)":0.0127796635,"TARSItemKNNCoocDistance(K=200,decay_function=exponential,decay_interval=1,event_age_weight=0.714172519813198,fit_decay=0.853033969812127,predict_decay=0.7201054763262953,similarity=hermann)":0.0,"TARSItemKNNCoocDistance(K=200,decay_function=log,decay_interval=1844174,event_age_weight=0.35660554661214505,fit_decay=43,predict_decay=28,similarity=cooc)":0.0118309764,"TARSItemKNNCoocDistance(K=200,decay_function=linear,decay_interval=1239834,event_age_weight=0.724503946965348,fit_decay=4.296412491755193,predict_decay=6.837129122386395,similarity=cooc)":0.0167027328},"ndcgk_50":{"TARSItemKNNHermann(K=200,decay_interval=1)":0.004917289,"TARSItemKNNXia(K=200,decay_function=convex,decay_interval=2499969,fit_decay=0.921803198927347)":0.0160019299,"TARSItemKNNCoocDistance(K=200,decay_function=exponential,decay_interval=1,event_age_weight=0.714172519813198,fit_decay=0.853033969812127,predict_decay=0.7201054763262953,similarity=hermann)":0.0,"TARSItemKNNCoocDistance(K=200,decay_function=log,decay_interval=1844174,event_age_weight=0.35660554661214505,fit_decay=43,predict_decay=28,similarity=cooc)":0.0154366631,"TARSItemKNNCoocDistance(K=200,decay_function=linear,decay_interval=1239834,event_age_weight=0.724503946965348,fit_decay=4.296412491755193,predict_decay=6.837129122386395,similarity=cooc)":0.0206039613},"coveragek_10":{"TARSItemKNNHermann(K=200,decay_interval=1)":0.265548798,"TARSItemKNNXia(K=200,decay_function=convex,decay_interval=2499969,fit_decay=0.921803198927347)":0.2390412531,"TARSItemKNNCoocDistance(K=200,decay_function=exponential,decay_interval=1,event_age_weight=0.714172519813198,fit_decay=0.853033969812127,predict_decay=0.7201054763262953,similarity=hermann)":0.0,"TARSItemKNNCoocDistance(K=200,decay_function=log,decay_interval=1844174,event_age_weight=0.35660554661214505,fit_decay=43,predict_decay=28,similarity=cooc)":0.2083309427,"TARSItemKNNCoocDistance(K=200,decay_function=linear,decay_interval=1239834,event_age_weight=0.724503946965348,fit_decay=4.296412491755193,predict_decay=6.837129122386395,similarity=cooc)":0.3048367663},"coveragek_20":{"TARSItemKNNHermann(K=200,decay_interval=1)":0.3834270469,"TARSItemKNNXia(K=200,decay_function=convex,decay_interval=2499969,fit_decay=0.921803198927347)":0.3757530553,"TARSItemKNNCoocDistance(K=200,decay_function=exponential,decay_interval=1,event_age_weight=0.714172519813198,fit_decay=0.853033969812127,predict_decay=0.7201054763262953,similarity=hermann)":0.0,"TARSItemKNNCoocDistance(K=200,decay_function=log,decay_interval=1844174,event_age_weight=0.35660554661214505,fit_decay=43,predict_decay=28,similarity=cooc)":0.332004131,"TARSItemKNNCoocDistance(K=200,decay_function=linear,decay_interval=1239834,event_age_weight=0.724503946965348,fit_decay=4.296412491755193,predict_decay=6.837129122386395,similarity=cooc)":0.4527368179},"calibratedrecallk_10":{"TARSItemKNNHermann(K=200,decay_interval=1)":0.0043480748,"TARSItemKNNXia(K=200,decay_function=convex,decay_interval=2499969,fit_decay=0.921803198927347)":0.0192230677,"TARSItemKNNCoocDistance(K=200,decay_function=exponential,decay_interval=1,event_age_weight=0.714172519813198,fit_decay=0.853033969812127,predict_decay=0.7201054763262953,similarity=hermann)":0.0,"TARSItemKNNCoocDistance(K=200,decay_function=log,decay_interval=1844174,event_age_weight=0.35660554661214505,fit_decay=43,predict_decay=28,similarity=cooc)":0.0180788375,"TARSItemKNNCoocDistance(K=200,decay_function=linear,decay_interval=1239834,event_age_weight=0.724503946965348,fit_decay=4.296412491755193,predict_decay=6.837129122386395,similarity=cooc)":0.0260312375},"calibratedrecallk_20":{"TARSItemKNNHermann(K=200,decay_interval=1)":0.0078951885,"TARSItemKNNXia(K=200,decay_function=convex,decay_interval=2499969,fit_decay=0.921803198927347)":0.0283196979,"TARSItemKNNCoocDistance(K=200,decay_function=exponential,decay_interval=1,event_age_weight=0.714172519813198,fit_decay=0.853033969812127,predict_decay=0.7201054763262953,similarity=hermann)":0.0,"TARSItemKNNCoocDistance(K=200,decay_function=log,decay_interval=1844174,event_age_weight=0.35660554661214505,fit_decay=43,predict_decay=28,similarity=cooc)":0.0273471022,"TARSItemKNNCoocDistance(K=200,decay_function=linear,decay_interval=1239834,event_age_weight=0.724503946965348,fit_decay=4.296412491755193,predict_decay=6.837129122386395,similarity=cooc)":0.0350706562},"calibratedrecallk_50":{"TARSItemKNNHermann(K=200,decay_interval=1)":0.0189942216,"TARSItemKNNXia(K=200,decay_function=convex,decay_interval=2499969,fit_decay=0.921803198927347)":0.0446249785,"TARSItemKNNCoocDistance(K=200,decay_function=exponential,decay_interval=1,event_age_weight=0.714172519813198,fit_decay=0.853033969812127,predict_decay=0.7201054763262953,similarity=hermann)":0.0,"TARSItemKNNCoocDistance(K=200,decay_function=log,decay_interval=1844174,event_age_weight=0.35660554661214505,fit_decay=43,predict_decay=28,similarity=cooc)":0.0458264203,"TARSItemKNNCoocDistance(K=200,decay_function=linear,decay_interval=1239834,event_age_weight=0.724503946965348,fit_decay=4.296412491755193,predict_decay=6.837129122386395,similarity=cooc)":0.054751416},"reciprocalrankk_10":{"TARSItemKNNHermann(K=200,decay_interval=1)":0.0011459783,"TARSItemKNNXia(K=200,decay_function=convex,decay_interval=2499969,fit_decay=0.921803198927347)":0.0078012436,"TARSItemKNNCoocDistance(K=200,decay_function=exponential,decay_interval=1,event_age_weight=0.714172519813198,fit_decay=0.853033969812127,predict_decay=0.7201054763262953,similarity=hermann)":0.0,"TARSItemKNNCoocDistance(K=200,decay_function=log,decay_interval=1844174,event_age_weight=0.35660554661214505,fit_decay=43,predict_decay=28,similarity=cooc)":0.0068748939,"TARSItemKNNCoocDistance(K=200,decay_function=linear,decay_interval=1239834,event_age_weight=0.724503946965348,fit_decay=4.296412491755193,predict_decay=6.837129122386395,similarity=cooc)":0.0108826964},"reciprocalrankk_20":{"TARSItemKNNHermann(K=200,decay_interval=1)":0.0013758613,"TARSItemKNNXia(K=200,decay_function=convex,decay_interval=2499969,fit_decay=0.921803198927347)":0.008453828,"TARSItemKNNCoocDistance(K=200,decay_function=exponential,decay_interval=1,event_age_weight=0.714172519813198,fit_decay=0.853033969812127,predict_decay=0.7201054763262953,similarity=hermann)":0.0,"TARSItemKNNCoocDistance(K=200,decay_function=log,decay_interval=1844174,event_age_weight=0.35660554661214505,fit_decay=43,predict_decay=28,similarity=cooc)":0.0075349671,"TARSItemKNNCoocDistance(K=200,decay_function=linear,decay_interval=1239834,event_age_weight=0.724503946965348,fit_decay=4.296412491755193,predict_decay=6.837129122386395,similarity=cooc)":0.0115008501},