{"identifier":{"0":"TARSItemKNNHermann(K=200,decay_interval=1)","1":"TARSItemKNNHermann(K=200,decay_interval=3600)","2":"TARSItemKNNHermann(K=200,decay_interval=86400)","3":"TARSItemKNNHermann(K=200,decay_interval=604800)","4":"TARSItemKNNHermann(K=200,decay_interval=2592000)"},"params":{"0":{"decay_interval":1},"1":{"decay_interval":3600},"2":{"decay_interval":86400},"3":{"decay_interval":604800},"4":{"decay_interval":2592000}},"ndcgk_10":{"0":0.0068455975,"1":0.0068455975,"2":0.0068455975,"3":0.0068455975,"4":0.0068455975}}