{"ndcgk_10":{"TARSItemKNNLee_W3(K=200,similarity=cosine)":0.0285115959,"TARSItemKNNLee_W5(K=200,similarity=cosine)":0.0283370372,"TARSItemKNNLiu(K=200,fit_decay=0,predict_decay=1.6534391534391535e-06)":0.035014529,"TARSItemKNNDing(K=200,predict_decay=1.6534391534391535e-06,similarity=cosine)":0.035014529,"TARSItemKNNLiu2012(K=200,decay=2)":0.0284184191,"TARSItemKNNVaz(K=200,fit_decay=3.8580246913580245e-07,predict_decay=1.6534391534391535e-06)":0.0158697437,"TARSItemKNN(K=200,decay_function=exponential,decay_interval=1,fit_decay=0,predict_decay=1.6534391534391535e-06,similarity=cosine)":0.035014529,"TARSItemKNN(K=200,decay_function=log,decay_interval=1,fit_decay=32,predict_decay=2,similarity=cosine)":0.0292980185,"TARSItemKNN(K=200,decay_function=linear,decay_interval=1,fit_decay=0.1,predict_decay=10,similarity=cosine)":0.0345734677,"TARSItemKNN(K=200,decay_function=concave,decay_interval=1,fit_decay=0.1,predict_decay=0.9,similarity=cosine)":0.0296247193,"TARSItemKNN(K=200,decay_function=inverse,decay_interval=1,fit_decay=0.0002777777777777778,predict_decay=0.0002777777777777778,similarity=cosine)":0.0159192049},"ndcgk_20":{"TARSItemKNNLee_W3(K=200,similarity=cosine)":0.0314294889,"TARSItemKNNLee_W5(K=200,similarity=cosine)":0.0312577916,"TARSItemKNNLiu(K=200,fit_decay=0,predict_decay=1.6534391534391535e-06)":0.0376538308,"TARSItemKNNDing(K=200,predict_decay=1.6534391534391535e-06,similarity=cosine)":0.0376538308,"TARSItemKNNLiu2012(K=200,decay=2)":0.0313919712,"TARSItemKNNVaz(K=200,fit_decay=3.8580246913580245e-07,predict_decay=1.6534391534391535e-06)":0.0184029739,"TARSItemKNN(K=200,decay_function=exponential,decay_interval=1,fit_decay=0,predict_decay=1.6534391534391535e-06,similarity=cosine)":0.0376538308,"TARSItemKNN(K=200,decay_function=log,decay_interval=1,fit_decay=32,predict_decay=2,similarity=cosine)":0.0324980682,"TARSItemKNN(K=200,decay_function=linear,decay_interval=1,fit_decay=0.1,predict_decay=10,similarity=cosine)":0.037464031,"TARSItemKNN(K=200,decay_function=concave,decay_interval=1,fit_decay=0.1,predict_decay=0.9,similarity=cosine)":0.0327622097,"TARSItemKNN(K=200,decay_function=inverse,decay_interval=1,fit_decay=0.0002777777777777778,predict_decay=0.0002777777777777778,similarity=cosine)":0.0181115881},"ndcgk_50":{"TARSItemKNNLee_W3(K=200,similarity=cosine)":0.0347855469,"TARSItemKNNLee_W5(K=200,similarity=cosine)":0.034621409,"TARSItemKNNLiu(K=200,fit_decay=0,predict_decay=1.6534391534391535e-06)":0.0405125756,"TARSItemKNNDing(K=200,predict_decay=1.6534391534391535e-06,similarity=cosine)":0.0405125756,"TARSItemKNNLiu2012(K=200,decay=2)":0.0346249768,"TARSItemKNNVaz(K=200,fit_decay=3.8580246913580245e-07,predict_decay=1.6534391534391535e-06)":0.0221120565,"TARSItemKNN(K=200,decay_function=exponential,decay_interval=1,fit_decay=0,predict_decay=1.6534391534391535e-06,similarity=cosine)":0.0405125756,"TARSItemKNN(K=200,decay_function=log,decay_interval=1,fit_decay=32,predict_decay=2,similarity=cosine)":0.0356689916,"TARSItemKNN(K=200,decay_function=linear,decay_interval=1,fit_decay=0.1,predict_decay=10,similarity=cosine)":0.040484017,"TARSItemKNN(K=200,decay_function=concave,decay_interval=1,fit_decay=0.1,predict_decay=0.9,similarity=cosine)":0.035852883,"TARSItemKNN(K=200,decay_function=inverse,decay_interval=1,fit_decay=0.0002777777777777778,predict_decay=0.0002777777777777778,similarity=cosine)":0.0213433678},"coveragek_10":{"TARSItemKNNLee_W3(K=200,similarity=cosine)":0.660379253,"TARSItemKNNLee_W5(K=200,similarity=cosine)":0.6610534167,"TARSItemKNNLiu(K=200,fit_decay=0,predict_decay=1.6534391534391535e-06)":0.6572522807,"TARSItemKNNDing(K=200,predict_decay=1.6534391534391535e-06,similarity=cosine)":0.6572522807,"TARSItemKNNLiu2012(K=200,decay=2)":0.6516151242,"TARSItemKNNVaz(K=200,fit_decay=3.8580246913580245e-07,predict_decay=1.6534391534391535e-06)":0.6019851971,"TARSItemKNN(K=200,decay_function=exponential,decay_interval=1,fit_decay=0,predict_decay=1.6534391534391535e-06,similarity=cosine)":0.6572522807,"TARSItemKNN(K=200,decay_function=log,decay_interval=1,fit_decay=32,predict_decay=2,similarity=cosine)":0.6539818693,"TARSItemKNN(K=200,decay_function=linear,decay_interval=1,fit_decay=0.1,predict_decay=10,similarity=cosine)":0.606919502,"TARSItemKNN(K=200,decay_function=concave,decay_interval=1,fit_decay=0.1,predict_decay=0.9,similarity=cosine)":0.654182684,"TARSItemKNN(K=200,decay_function=inverse,decay_interval=1,fit_decay=0.0002777777777777778,predict_decay=0.0002777777777777778,similarity=cosine)":0.5207699811},"coveragek_20":{"TARSItemKNNLee_W3(K=200,similarity=cosine)":0.8371105629,"TARSItemKNNLee_W5(K=200,similarity=cosine)":0.8375552241,"TARSItemKNNLiu(K=200,fit_decay=0,predict_decay=1.6534391534391535e-06)":0.8571633484,"TARSItemKNNDing(K=200,predict_decay=1.6534391534391535e-06,similarity=cosine)":0.8571633484,"TARSItemKNNLiu2012(K=200,decay=2)":0.8287193758,"TARSItemKNNVaz(K=200,fit_decay=3.8580246913580245e-07,predict_decay=1.6534391534391535e-06)":0.7974926846,"TARSItemKNN(K=200,decay_function=exponential,decay_interval=1,fit_decay=0,predict_decay=1.6534391534391535e-06,similarity=cosine)":0.8571633484,"TARSItemKNN(K=200,decay_function=log,decay_interval=1,fit_decay=32,predict_decay=2,similarity=cosine)":0.8332663951,"TARSItemKNN(K=200,decay_function=linear,decay_interval=1,fit_decay=0.1,predict_decay=10,similarity=cosine)":0.8100149177,"TARSItemKNN(K=200,decay_function=concave,decay_interval=1,fit_decay=0.1,predict_decay=0.9,similarity=cosine)":0.8327643583,"TARSItemKNN(K=200,decay_function=inverse,decay_interval=1,fit_decay=0.0002777777777777778,predict_decay=0.0002777777777777778,similarity=cosine)":0.7439899019},"calibratedrecallk_10":{"TARSItemKNNLee_W3(K=200,similarity=cosine)":0.0425653642,"TARSItemKNNLee_W5(K=200,similarity=cosine)":0.0424509411,"TARSItemKNNLiu(K=200,fit_decay=0,predict_decay=1.6534391534391535e-06)":0.0502317066,"TARSItemKNNDing(K=200,predict_decay=1.6534391534391535e-06,similarity=cosine)":0.0502317066,"TARSItemKNNLiu2012(K=200,decay=2)":0.0421076721,"TARSItemKNNVaz(K=200,fit_decay=3.8580246913580245e-07,predict_decay=1.6534391534391535e-06)":0.0242576806,"TARSItemKNN(K=200,decay_function=exponential,decay_interval=1,fit_decay=0,predict_decay=1.6534391534391535e-06,similarity=cosine)":0.0502317066,"TARSItemKNN(K=200,decay_function=log,decay_interval=1,fit_decay=32,predict_decay=2,similarity=cosine)":0.0434235368,"TARSItemKNN(K=200,decay_function=linear,decay_interval=1,fit_decay=0.1,predict_decay=10,similarity=cosine)":0.0502889181,"TARSItemKNN(K=200,decay_function=concave,decay_interval=1,fit_decay=0.1,predict_decay=0.9,similarity=cosine)":0.0441100749,"TARSItemKNN(K=200,decay_function=inverse,decay_interval=1,fit_decay=0.0002777777777777778,predict_decay=0.0002777777777777778,similarity=cosine)":0.0235711425},"calibratedrecallk_20":{"TARSItemKNNLee_W3(K=200,similarity=cosine)":0.0542365124,"TARSItemKNNLee_W5(K=200,similarity=cosine)":0.0540076663,"TARSItemKNNLiu(K=200,fit_decay=0,predict_decay=1.6534391534391535e-06)":0.0607014131,"TARSItemKNNDing(K=200,predict_decay=1.6534391534391535e-06,similarity=cosine)":0.0607014131,"TARSItemKNNLiu2012(K=200,decay=2)":0.0538932433,"TARSItemKNNVaz(K=200,fit_decay=3.8580246913580245e-07,predict_decay=1.6534391534391535e-06)":0.0343269066,"TARSItemKNN(K=200,decay_function=exponential,decay_interval=1,fit_decay=0,predict_decay=1.6534391534391535e-06,similarity=cosine)":0.0607014131,"TARSItemKNN(K=200,decay_function=log,decay_interval=1,fit_decay=32,predict_decay=2,similarity=cosine)":0.0560672807,"TARSItemKNN(K=200,decay_function=linear,decay_interval=1,fit_decay=0.1,predict_decay=10,similarity=cosine)":0.0617312203,"TARSItemKNN(K=200,decay_function=concave,decay_interval=1,fit_decay=0.1,predict_decay=0.9,similarity=cosine)":0.0565249728,"TARSItemKNN(K=200,decay_function=inverse,decay_interval=1,fit_decay=0.0002777777777777778,predict_decay=0.0002777777777777778,similarity=cosine)":0.0323245037},