{"ndcgk_10":{"TARSItemKNNLee_W3(K=200,similarity=cosine)":0.050137026,"TARSItemKNNLee_W5(K=200,similarity=cosine)":0.050902353,"TARSItemKNNLiu(K=200,fit_decay=0,predict_decay=0.0002777777777777778)":0.0643385681,"TARSItemKNNDing(K=200,predict_decay=0.0002777777777777778,similarity=cosine)":0.0643385681,"TARSItemKNNLiu2012(K=200,decay=1000)":0.048678174,"TARSItemKNNVaz(K=200,fit_decay=3.8580246913580245e-07,predict_decay=0.0002777777777777778)":0.0588569769,"TARSItemKNNLee(K=200,W=16,similarity=cosine)":0.0515935499,"TARSItemKNN(K=200,decay_function=exponential,fit_decay=3.8580246913580245e-07,predict_decay=0.0002777777777777778,similarity=cosine)":0.0598291881,"TARSItemKNN(K=200,decay_function=log,fit_decay=2,predict_decay=2,similarity=cosine)":0.0495589733,"TARSItemKNN(K=200,decay_function=linear,fit_decay=0.7,predict_decay=1,similarity=cosine)":0.0520623698,"TARSItemKNN(K=200,decay_function=concave,fit_decay=0.3,predict_decay=0.9,similarity=cosine)":0.0517744087,"TARSItemKNN(K=200,decay_function=convex,fit_decay=0.9,predict_decay=0.9,similarity=pearson)":0.0000040594,"TARSItemKNN(K=200,decay_function=linear_steeper,fit_decay=1,predict_decay=10,similarity=cosine)":0.056785126},"ndcgk_20":{"TARSItemKNNLee_W3(K=200,similarity=cosine)":0.0577997604,"TARSItemKNNLee_W5(K=200,similarity=cosine)":0.0586615005,"TARSItemKNNLiu(K=200,fit_decay=0,predict_decay=0.0002777777777777778)":0.0724175373,"TARSItemKNNDing(K=200,predict_decay=0.0002777777777777778,similarity=cosine)":0.0724175373,"TARSItemKNNLiu2012(K=200,decay=1000)":0.056366431,"TARSItemKNNVaz(K=200,fit_decay=3.8580246913580245e-07,predict_decay=0.0002777777777777778)":0.0658768989,"TARSItemKNNLee(K=200,W=16,similarity=cosine)":0.0592807877,"TARSItemKNN(K=200,decay_function=exponential,fit_decay=3.8580246913580245e-07,predict_decay=0.0002777777777777778,similarity=cosine)":0.0669314688,"TARSItemKNN(K=200,decay_function=log,fit_decay=2,predict_decay=2,similarity=cosine)":0.0573357739,"TARSItemKNN(K=200,decay_function=linear,fit_decay=0.7,predict_decay=1,similarity=cosine)":0.0599097155,"TARSItemKNN(K=200,decay_function=concave,fit_decay=0.3,predict_decay=0.9,similarity=cosine)":0.05965649,"TARSItemKNN(K=200,decay_function=convex,fit_decay=0.9,predict_decay=0.9,similarity=pearson)":0.0000040594,"TARSItemKNN(K=200,decay_function=linear_steeper,fit_decay=1,predict_decay=10,similarity=cosine)":0.0642960667},"ndcgk_50":{"TARSItemKNNLee_W3(K=200,similarity=cosine)":0.0663782879,"TARSItemKNNLee_W5(K=200,similarity=cosine)":0.0672694986,"TARSItemKNNLiu(K=200,fit_decay=0,predict_decay=0.0002777777777777778)":0.0808765568,"TARSItemKNNDing(K=200,predict_decay=0.0002777777777777778,similarity=cosine)":0.0808765568,"TARSItemKNNLiu2012(K=200,decay=1000)":0.0649138328,"TARSItemKNNVaz(K=200,fit_decay=3.8580246913580245e-07,predict_decay=0.0002777777777777778)":0.0726732293,"TARSItemKNNLee(K=200,W=16,similarity=cosine)":0.0679675051,"TARSItemKNN(K=200,decay_function=exponential,fit_decay=3.8580246913580245e-07,predict_decay=0.0002777777777777778,similarity=cosine)":0.0741605834,"TARSItemKNN(K=200,decay_function=log,fit_decay=2,predict_decay=2,similarity=cosine)":0.0660139244,"TARSItemKNN(K=200,decay_function=linear,fit_decay=0.7,predict_decay=1,similarity=cosine)":0.0686965896,"TARSItemKNN(K=200,decay_function=concave,fit_decay=0.3,predict_decay=0.9,similarity=cosine)":0.068315427,"TARSItemKNN(K=200,decay_function=convex,fit_decay=0.9,predict_decay=0.9,similarity=pearson)":0.0000040594,"TARSItemKNN(K=200,decay_function=linear_steeper,fit_decay=1,predict_decay=10,similarity=cosine)":0.0721822525},"coveragek_10":{"TARSItemKNNLee_W3(K=200,similarity=cosine)":0.8741256153,"TARSItemKNNLee_W5(K=200,similarity=cosine)":0.8798623191,"TARSItemKNNLiu(K=200,fit_decay=0,predict_decay=0.0002777777777777778)":0.9337503238,"TARSItemKNNDing(K=200,predict_decay=0.0002777777777777778,similarity=cosine)":0.9337503238,"TARSItemKNNLiu2012(K=200,decay=1000)":0.8665013509,"TARSItemKNNVaz(K=200,fit_decay=3.8580246913580245e-07,predict_decay=0.0002777777777777778)":0.9381916429,"TARSItemKNNLee(K=200,W=16,similarity=cosine)":0.8827491765,"TARSItemKNN(K=200,decay_function=exponential,fit_decay=3.8580246913580245e-07,predict_decay=0.0002777777777777778,similarity=cosine)":0.9393019727,"TARSItemKNN(K=200,decay_function=log,fit_decay=2,predict_decay=2,similarity=cosine)":0.8671305378,"TARSItemKNN(K=200,decay_function=linear,fit_decay=0.7,predict_decay=1,similarity=cosine)":0.8753469781,"TARSItemKNN(K=200,decay_function=concave,fit_decay=0.3,predict_decay=0.9,similarity=cosine)":0.8793811762,"TARSItemKNN(K=200,decay_function=convex,fit_decay=0.9,predict_decay=0.9,similarity=pearson)":0.0018135386,"TARSItemKNN(K=200,decay_function=linear_steeper,fit_decay=1,predict_decay=10,similarity=cosine)":0.9075095303},"coveragek_20":{"TARSItemKNNLee_W3(K=200,similarity=cosine)":0.9564750731,"TARSItemKNNLee_W5(K=200,similarity=cosine)":0.9585106777,"TARSItemKNNLiu(K=200,fit_decay=0,predict_decay=0.0002777777777777778)":0.9812724379,"TARSItemKNNDing(K=200,predict_decay=0.0002777777777777778,similarity=cosine)":0.9812724379,"TARSItemKNNLiu2012(K=200,decay=1000)":0.951922721,"TARSItemKNNVaz(K=200,fit_decay=3.8580246913580245e-07,predict_decay=0.0002777777777777778)":0.9790887894,"TARSItemKNNLee(K=200,W=16,similarity=cosine)":0.9613605241,"TARSItemKNN(K=200,decay_function=exponential,fit_decay=3.8580246913580245e-07,predict_decay=0.0002777777777777778,similarity=cosine)":0.9801621081,"TARSItemKNN(K=200,decay_function=log,fit_decay=2,predict_decay=2,similarity=cosine)":0.9531440838,"TARSItemKNN(K=200,decay_function=linear,fit_decay=0.7,predict_decay=1,similarity=cosine)":0.9575483919,"TARSItemKNN(K=200,decay_function=concave,fit_decay=0.3,predict_decay=0.9,similarity=cosine)":0.9599911174,"TARSItemKNN(K=200,decay_function=convex,fit_decay=0.9,predict_decay=0.9,similarity=pearson)":0.0021096266,"TARSItemKNN(K=200,decay_function=linear_steeper,fit_decay=1,predict_decay=10,similarity=cosine)":0.9695399534},"calibratedrecallk_10":{"TARSItemKNNLee_W3(K=200,similarity=cosine)":0.0878667203,"TARSItemKNNLee_W5(K=200,similarity=cosine)":0.0889749492,"TARSItemKNNLiu(K=200,fit_decay=0,predict_decay=0.0002777777777777778)":0.1089474261,"TARSItemKNNDing(K=200,predict_decay=0.0002777777777777778,similarity=cosine)":0.1089474261,"TARSItemKNNLiu2012(K=200,decay=1000)":0.0856015491,"TARSItemKNNVaz(K=200,fit_decay=3.8580246913580245e-07,predict_decay=0.0002777777777777778)":0.0987663342,"TARSItemKNNLee(K=200,W=16,similarity=cosine)":0.0898639679,"TARSItemKNN(K=200,decay_function=exponential,fit_decay=3.8580246913580245e-07,predict_decay=0.0002777777777777778,similarity=cosine)":0.1006661552,"TARSItemKNN(K=200,decay_function=log,fit_decay=2,predict_decay=2,similarity=cosine)":0.0869898798,"TARSItemKNN(K=200,decay_function=linear,fit_decay=0.7,predict_decay=1,similarity=cosine)":0.0907529867,"TARSItemKNN(K=200,decay_function=concave,fit_decay=0.3,predict_decay=0.9,similarity=cosine)":0.0902536748,"TARSItemKNN(K=200,decay_function=convex,fit_decay=0.9,predict_decay=0.9,similarity=pearson)":0.0000121783,"TARSItemKNN(K=200,decay_function=linear_steeper,fit_decay=1,predict_decay=10,similarity=cosine)":0.0972075067},"calibratedrecallk_20":{"TARSItemKNNLee_W3(K=200,similarity=cosine)":0.1182273209,"TARSItemKNNLee_W5(K=200,similarity=cosine)":0.119737435,"TARSItemKNNLiu(K=200,fit_decay=0,predict_decay=0.0002777777777777778)":0.1409155676,"TARSItemKNNDing(K=200,predict_decay=0.0002777777777777778,similarity=cosine)":0.1409155676,"TARSItemKNNLiu2012(K=200,decay=1000)":0.1161082898,"TARSItemKNNVaz(K=200,fit_decay=3.8580246913580245e-07,predict_decay=0.0002777777777777778)":0.1265573052,