{
    "ndcgk_10": {
        "TARSItemKNNLee_W3(K=200,similarity=cosine)": 0.050137026,
        "TARSItemKNNLee_W5(K=200,similarity=cosine)": 0.050902353,
        "TARSItemKNNLiu(K=200,fit_decay=0,predict_decay=0.0002777777777777778)": 0.0643385681,
        "TARSItemKNNDing(K=200,predict_decay=0.0002777777777777778,similarity=cosine)": 0.0643385681,
        "TARSItemKNNLiu2012(K=200,decay=1000)": 0.048678174,
        "TARSItemKNNVaz(K=200,fit_decay=3.8580246913580245e-07,predict_decay=0.0002777777777777778)": 0.0588569769,
        "TARSItemKNNLee(K=200,W=16,similarity=cosine)": 0.0515935499,
        "TARSItemKNN(K=200,decay_function=exponential,decay_interval=1,fit_decay=0,predict_decay=0.0002777777777777778,similarity=cosine)": 0.0643385681,
        "TARSItemKNN(K=200,decay_function=linear,decay_interval=1,fit_decay=0.7,predict_decay=1,similarity=cosine)": 0.0520623698,
        "TARSItemKNN(K=200,decay_function=concave,decay_interval=1,fit_decay=0.3,predict_decay=0.9,similarity=cosine)": 0.0517744087,
        "TARSItemKNN(K=200,decay_function=linear_steeper,decay_interval=1,fit_decay=1,predict_decay=10,similarity=cosine)": 0.056785126,
        "TARSItemKNN(K=200,decay_function=inverse,decay_interval=86400,fit_decay=0.0002777777777777778,predict_decay=0.0002777777777777778,similarity=conditional_probability)": 0.0161474712
    },
    "ndcgk_20": {
        "TARSItemKNNLee_W3(K=200,similarity=cosine)": 0.0577997604,
        "TARSItemKNNLee_W5(K=200,similarity=cosine)": 0.0586615005,
        "TARSItemKNNLiu(K=200,fit_decay=0,predict_decay=0.0002777777777777778)": 0.0724175373,
        "TARSItemKNNDing(K=200,predict_decay=0.0002777777777777778,similarity=cosine)": 0.0724175373,
        "TARSItemKNNLiu2012(K=200,decay=1000)": 0.056366431,
        "TARSItemKNNVaz(K=200,fit_decay=3.8580246913580245e-07,predict_decay=0.0002777777777777778)": 0.0658768989,
        "TARSItemKNNLee(K=200,W=16,similarity=cosine)": 0.0592807877,
        "TARSItemKNN(K=200,decay_function=exponential,decay_interval=1,fit_decay=0,predict_decay=0.0002777777777777778,similarity=cosine)": 0.0724175373,
        "TARSItemKNN(K=200,decay_function=linear,decay_interval=1,fit_decay=0.7,predict_decay=1,similarity=cosine)": 0.0599097155,
        "TARSItemKNN(K=200,decay_function=concave,decay_interval=1,fit_decay=0.3,predict_decay=0.9,similarity=cosine)": 0.05965649,
        "TARSItemKNN(K=200,decay_function=linear_steeper,decay_interval=1,fit_decay=1,predict_decay=10,similarity=cosine)": 0.0642960667,
        "TARSItemKNN(K=200,decay_function=inverse,decay_interval=86400,fit_decay=0.0002777777777777778,predict_decay=0.0002777777777777778,similarity=conditional_probability)": 0.0210365405
    },
    "ndcgk_50": {
        "TARSItemKNNLee_W3(K=200,similarity=cosine)": 0.0663782879,
        "TARSItemKNNLee_W5(K=200,similarity=cosine)": 0.0672694986,
        "TARSItemKNNLiu(K=200,fit_decay=0,predict_decay=0.0002777777777777778)": 0.0808765568,
        "TARSItemKNNDing(K=200,predict_decay=0.0002777777777777778,similarity=cosine)": 0.0808765568,
        "TARSItemKNNLiu2012(K=200,decay=1000)": 0.0649138328,
        "TARSItemKNNVaz(K=200,fit_decay=3.8580246913580245e-07,predict_decay=0.0002777777777777778)": 0.0726732293,
        "TARSItemKNNLee(K=200,W=16,similarity=cosine)": 0.0679675051,
        "TARSItemKNN(K=200,decay_function=exponential,decay_interval=1,fit_decay=0,predict_decay=0.0002777777777777778,similarity=cosine)": 0.0808765568,
        "TARSItemKNN(K=200,decay_function=linear,decay_interval=1,fit_decay=0.7,predict_decay=1,similarity=cosine)": 0.0686965896,
        "TARSItemKNN(K=200,decay_function=concave,decay_interval=1,fit_decay=0.3,predict_decay=0.9,similarity=cosine)": 0.068315427,
        "TARSItemKNN(K=200,decay_function=linear_steeper,decay_interval=1,fit_decay=1,predict_decay=10,similarity=cosine)": 0.0721822525,
        "TARSItemKNN(K=200,decay_function=inverse,decay_interval=86400,fit_decay=0.0002777777777777778,predict_decay=0.0002777777777777778,similarity=conditional_probability)": 0.0278404934
    },
    "coveragek_10": {
        "TARSItemKNNLee_W3(K=200,similarity=cosine)": 0.8741256153,
        "TARSItemKNNLee_W5(K=200,similarity=cosine)": 0.8798623191,
        "TARSItemKNNLiu(K=200,fit_decay=0,predict_decay=0.0002777777777777778)": 0.9337503238,
        "TARSItemKNNDing(K=200,predict_decay=0.0002777777777777778,similarity=cosine)": 0.9337503238,
        "TARSItemKNNLiu2012(K=200,decay=1000)": 0.8665013509,
        "TARSItemKNNVaz(K=200,fit_decay=3.8580246913580245e-07,predict_decay=0.0002777777777777778)": 0.9381916429,
        "TARSItemKNNLee(K=200,W=16,similarity=cosine)": 0.8827491765,
        "TARSItemKNN(K=200,decay_function=exponential,decay_interval=1,fit_decay=0,predict_decay=0.0002777777777777778,similarity=cosine)": 0.9337503238,
        "TARSItemKNN(K=200,decay_function=linear,decay_interval=1,fit_decay=0.7,predict_decay=1,similarity=cosine)": 0.8753469781,
        "TARSItemKNN(K=200,decay_function=concave,decay_interval=1,fit_decay=0.3,predict_decay=0.9,similarity=cosine)": 0.8793811762,
        "TARSItemKNN(K=200,decay_function=linear_steeper,decay_interval=1,fit_decay=1,predict_decay=10,similarity=cosine)": 0.9075095303,
        "TARSItemKNN(K=200,decay_function=inverse,decay_interval=86400,fit_decay=0.0002777777777777778,predict_decay=0.0002777777777777778,similarity=conditional_probability)": 0.3326547985
    },
    "coveragek_20": {
        "TARSItemKNNLee_W3(K=200,similarity=cosine)": 0.9564750731,
        "TARSItemKNNLee_W5(K=200,similarity=cosine)": 0.9585106777,
        "TARSItemKNNLiu(K=200,fit_decay=0,predict_decay=0.0002777777777777778)": 0.9812724379,
        "TARSItemKNNDing(K=200,predict_decay=0.0002777777777777778,similarity=cosine)": 0.9812724379,
        "TARSItemKNNLiu2012(K=200,decay=1000)": 0.951922721,
        "TARSItemKNNVaz(K=200,fit_decay=3.8580246913580245e-07,predict_decay=0.0002777777777777778)": 0.9790887894,
        "TARSItemKNNLee(K=200,W=16,similarity=cosine)": 0.9613605241,
        "TARSItemKNN(K=200,decay_function=exponential,decay_interval=1,fit_decay=0,predict_decay=0.0002777777777777778,similarity=cosine)": 0.9812724379,
        "TARSItemKNN(K=200,decay_function=linear,decay_interval=1,fit_decay=0.7,predict_decay=1,similarity=cosine)": 0.9575483919,
        "TARSItemKNN(K=200,decay_function=concave,decay_interval=1,fit_decay=0.3,predict_decay=0.9,similarity=cosine)": 0.9599911174,
        "TARSItemKNN(K=200,decay_function=linear_steeper,decay_interval=1,fit_decay=1,predict_decay=10,similarity=cosine)": 0.9695399534,
        "TARSItemKNN(K=200,decay_function=inverse,decay_interval=86400,fit_decay=0.0002777777777777778,predict_decay=0.0002777777777777778,similarity=conditional_probability)": 0.4636737111
    },
    "calibratedrecallk_10": {
        "TARSItemKNNLee_W3(K=200,similarity=cosine)": 0.0878667203,
        "TARSItemKNNLee_W5(K=200,similarity=cosine)": 0.0889749492,
        "TARSItemKNNLiu(K=200,fit_decay=0,predict_decay=0.0002777777777777778)": 0.1089474261,
        "TARSItemKNNDing(K=200,predict_decay=0.0002777777777777778,similarity=cosine)": 0.1089474261,
        "TARSItemKNNLiu2012(K=200,decay=1000)": 0.0856015491,
        "TARSItemKNNVaz(K=200,fit_decay=3.8580246913580245e-07,predict_decay=0.0002777777777777778)": 0.0987663342,