{"NDCGK_10":{"TARSItemKNNHermann(K=200,decay_interval=1)":0.0008759405,"TARSItemKNNXia(K=200,decay_function=convex,decay_interval=1856861,fit_decay=0.999993547030788)":0.0407035678},"NDCGK_20":{"TARSItemKNNHermann(K=200,decay_interval=1)":0.0012005404,"TARSItemKNNXia(K=200,decay_function=convex,decay_interval=1856861,fit_decay=0.999993547030788)":0.0460342305},"NDCGK_50":{"TARSItemKNNHermann(K=200,decay_interval=1)":0.002069394,"TARSItemKNNXia(K=200,decay_function=convex,decay_interval=1856861,fit_decay=0.999993547030788)":0.0544940239},"CoverageK_10":{"TARSItemKNNHermann(K=200,decay_interval=1)":0.6192309116,"TARSItemKNNXia(K=200,decay_function=convex,decay_interval=1856861,fit_decay=0.999993547030788)":0.3648543617},"CoverageK_20":{"TARSItemKNNHermann(K=200,decay_interval=1)":0.75606055,"TARSItemKNNXia(K=200,decay_function=convex,decay_interval=1856861,fit_decay=0.999993547030788)":0.4915799993},"CalibratedRecallK_10":{"TARSItemKNNHermann(K=200,decay_interval=1)":0.0012397874,"TARSItemKNNXia(K=200,decay_function=convex,decay_interval=1856861,fit_decay=0.999993547030788)":0.0532983005},"CalibratedRecallK_20":{"TARSItemKNNHermann(K=200,decay_interval=1)":0.0021946244,"TARSItemKNNXia(K=200,decay_function=convex,decay_interval=1856861,fit_decay=0.999993547030788)":0.0710740217},"CalibratedRecallK_50":{"TARSItemKNNHermann(K=200,decay_interval=1)":0.0053181319,"TARSItemKNNXia(K=200,decay_function=convex,decay_interval=1856861,fit_decay=0.999993547030788)":0.1027345723},"ReciprocalRankK_10":{"TARSItemKNNHermann(K=200,decay_interval=1)":0.001620936,"TARSItemKNNXia(K=200,decay_function=convex,decay_interval=1856861,fit_decay=0.999993547030788)":0.063169585},"ReciprocalRankK_20":{"TARSItemKNNHermann(K=200,decay_interval=1)":0.001983629,"TARSItemKNNXia(K=200,decay_function=convex,decay_interval=1856861,fit_decay=0.999993547030788)":0.0665048145},"ReciprocalRankK_50":{"TARSItemKNNHermann(K=200,decay_interval=1)":0.0024374427,"TARSItemKNNXia(K=200,decay_function=convex,decay_interval=1856861,fit_decay=0.999993547030788)":0.0687862486},"PrecisionK_10":{"TARSItemKNNHermann(K=200,decay_interval=1)":0.0005807293,"TARSItemKNNXia(K=200,decay_function=convex,decay_interval=1856861,fit_decay=0.999993547030788)":0.0187117292},"PrecisionK_20":{"TARSItemKNNHermann(K=200,decay_interval=1)":0.0006103583,"TARSItemKNNXia(K=200,decay_function=convex,decay_interval=1856861,fit_decay=0.999993547030788)":0.01399281},"PrecisionK_50":{"TARSItemKNNHermann(K=200,decay_interval=1)":0.0006214198,"TARSItemKNNXia(K=200,decay_function=convex,decay_interval=1856861,fit_decay=0.999993547030788)":0.0089949828}}