{"ndcgk_10":{"TARSItemKNNHermann(K=200,decay_interval=1)":0.0053185388,"TARSItemKNNXia(K=200,decay_function=convex,decay_interval=1162523,fit_decay=0.9543568817723445)":0.0149561378,"TARSItemKNNCoocDistance(K=200,decay_function=exponential,decay_interval=1,event_age_weight=0.9201041094760717,fit_decay=0.8728912890802608,predict_decay=0.037789338435636366,similarity=hermann)":0.0,"TARSItemKNNCoocDistance(K=200,decay_function=log,decay_interval=2397929,event_age_weight=0.8236246280326969,fit_decay=2,predict_decay=39,similarity=conditional_probability)":0.0190051976,"TARSItemKNNCoocDistance(K=200,decay_function=linear,decay_interval=2468664,event_age_weight=0.28141862367024556,fit_decay=3.0113117222859693,predict_decay=9.081729293534533,similarity=conditional_probability)":0.0185478154},"ndcgk_20":{"TARSItemKNNHermann(K=200,decay_interval=1)":0.0086693098,"TARSItemKNNXia(K=200,decay_function=convex,decay_interval=1162523,fit_decay=0.9543568817723445)":0.0207501979,"TARSItemKNNCoocDistance(K=200,decay_function=exponential,decay_interval=1,event_age_weight=0.9201041094760717,fit_decay=0.8728912890802608,predict_decay=0.037789338435636366,similarity=hermann)":0.0,"TARSItemKNNCoocDistance(K=200,decay_function=log,decay_interval=2397929,event_age_weight=0.8236246280326969,fit_decay=2,predict_decay=39,similarity=conditional_probability)":0.0230939698,"TARSItemKNNCoocDistance(K=200,decay_function=linear,decay_interval=2468664,event_age_weight=0.28141862367024556,fit_decay=3.0113117222859693,predict_decay=9.081729293534533,similarity=conditional_probability)":0.025062776},"ndcgk_50":{"TARSItemKNNHermann(K=200,decay_interval=1)":0.0139822429,"TARSItemKNNXia(K=200,decay_function=convex,decay_interval=1162523,fit_decay=0.9543568817723445)":0.0297705609,"TARSItemKNNCoocDistance(K=200,decay_function=exponential,decay_interval=1,event_age_weight=0.9201041094760717,fit_decay=0.8728912890802608,predict_decay=0.037789338435636366,similarity=hermann)":0.0,"TARSItemKNNCoocDistance(K=200,decay_function=log,decay_interval=2397929,event_age_weight=0.8236246280326969,fit_decay=2,predict_decay=39,similarity=conditional_probability)":0.0330497582,"TARSItemKNNCoocDistance(K=200,decay_function=linear,decay_interval=2468664,event_age_weight=0.28141862367024556,fit_decay=3.0113117222859693,predict_decay=9.081729293534533,similarity=conditional_probability)":0.033790682},"coveragek_10":{"TARSItemKNNHermann(K=200,decay_interval=1)":0.2287912533,"TARSItemKNNXia(K=200,decay_function=convex,decay_interval=1162523,fit_decay=0.9543568817723445)":0.1386920429,"TARSItemKNNCoocDistance(K=200,decay_function=exponential,decay_interval=1,event_age_weight=0.9201041094760717,fit_decay=0.8728912890802608,predict_decay=0.037789338435636366,similarity=hermann)":0.0,"TARSItemKNNCoocDistance(K=200,decay_function=log,decay_interval=2397929,event_age_weight=0.8236246280326969,fit_decay=2,predict_decay=39,similarity=conditional_probability)":0.2285212931,"TARSItemKNNCoocDistance(K=200,decay_function=linear,decay_interval=2468664,event_age_weight=0.28141862367024556,fit_decay=3.0113117222859693,predict_decay=9.081729293534533,similarity=conditional_probability)":0.2299385841},"coveragek_20":{"TARSItemKNNHermann(K=200,decay_interval=1)":0.3344131741,"TARSItemKNNXia(K=200,decay_function=convex,decay_interval=1162523,fit_decay=0.9543568817723445)":0.2221772289,"TARSItemKNNCoocDistance(K=200,decay_function=exponential,decay_interval=1,event_age_weight=0.9201041094760717,fit_decay=0.8728912890802608,predict_decay=0.037789338435636366,similarity=hermann)":0.0,"TARSItemKNNCoocDistance(K=200,decay_function=log,decay_interval=2397929,event_age_weight=0.8236246280326969,fit_decay=2,predict_decay=39,similarity=conditional_probability)":0.371600189,"TARSItemKNNCoocDistance(K=200,decay_function=linear,decay_interval=2468664,event_age_weight=0.28141862367024556,fit_decay=3.0113117222859693,predict_decay=9.081729293534533,similarity=conditional_probability)":0.3699129378},"calibratedrecallk_10":{"TARSItemKNNHermann(K=200,decay_interval=1)":0.0122789784,"TARSItemKNNXia(K=200,decay_function=convex,decay_interval=1162523,fit_decay=0.9543568817723445)":0.0304518664,"TARSItemKNNCoocDistance(K=200,decay_function=exponential,decay_interval=1,event_age_weight=0.9201041094760717,fit_decay=0.8728912890802608,predict_decay=0.037789338435636366,similarity=hermann)":0.0,"TARSItemKNNCoocDistance(K=200,decay_function=log,decay_interval=2397929,event_age_weight=0.8236246280326969,fit_decay=2,predict_decay=39,similarity=conditional_probability)":0.0348722986,"TARSItemKNNCoocDistance(K=200,decay_function=linear,decay_interval=2468664,event_age_weight=0.28141862367024556,fit_decay=3.0113117222859693,predict_decay=9.081729293534533,similarity=conditional_probability)":0.0388015717},"calibratedrecallk_20":{"TARSItemKNNHermann(K=200,decay_interval=1)":0.025540275,"TARSItemKNNXia(K=200,decay_function=convex,decay_interval=1162523,fit_decay=0.9543568817723445)":0.0535363458,"TARSItemKNNCoocDistance(K=200,decay_function=exponential,decay_interval=1,event_age_weight=0.9201041094760717,fit_decay=0.8728912890802608,predict_decay=0.037789338435636366,similarity=hermann)":0.0,"TARSItemKNNCoocDistance(K=200,decay_function=log,decay_interval=2397929,event_age_weight=0.8236246280326969,fit_decay=2,predict_decay=39,similarity=conditional_probability)":0.0510805501,"TARSItemKNNCoocDistance(K=200,decay_function=linear,decay_interval=2468664,event_age_weight=0.28141862367024556,fit_decay=3.0113117222859693,predict_decay=9.081729293534533,similarity=conditional_probability)":0.0643418468},"calibratedrecallk_50":{"TARSItemKNNHermann(K=200,decay_interval=1)":0.0525540275,"TARSItemKNNXia(K=200,decay_function=convex,decay_interval=1162523,fit_decay=0.9543568817723445)":0.0992141454,"TARSItemKNNCoocDistance(K=200,decay_function=exponential,decay_interval=1,event_age_weight=0.9201041094760717,fit_decay=0.8728912890802608,predict_decay=0.037789338435636366,similarity=hermann)":0.0,"TARSItemKNNCoocDistance(K=200,decay_function=log,decay_interval=2397929,event_age_weight=0.8236246280326969,fit_decay=2,predict_decay=39,similarity=conditional_probability)":0.1016699411,"TARSItemKNNCoocDistance(K=200,decay_function=linear,decay_interval=2468664,event_age_weight=0.28141862367024556,fit_decay=3.0113117222859693,predict_decay=9.081729293534533,similarity=conditional_probability)":0.1090373281},"reciprocalrankk_10":{"TARSItemKNNHermann(K=200,decay_interval=1)":0.0033231203,"TARSItemKNNXia(K=200,decay_function=convex,decay_interval=1162523,fit_decay=0.9543568817723445)":0.0103229176,"TARSItemKNNCoocDistance(K=200,decay_function=exponential,decay_interval=1,event_age_weight=0.9201041094760717,fit_decay=0.8728912890802608,predict_decay=0.037789338435636366,similarity=hermann)":0.0,"TARSItemKNNCoocDistance(K=200,decay_function=log,decay_interval=2397929,event_age_weight=0.8236246280326969,fit_decay=2,predict_decay=39,similarity=conditional_probability)":0.0142325054,"TARSItemKNNCoocDistance(K=200,decay_function=linear,decay_interval=2468664,event_age_weight=0.28141862367024556,fit_decay=3.0113117222859693,predict_decay=9.081729293534533,similarity=conditional_probability)":0.0125033134},