{"ndcgk_10":{"TARSItemKNNLee_W3(K=200,similarity=cosine)":0.0837481742,"TARSItemKNNLee_W5(K=200,similarity=cosine)":0.0791916622,"TARSItemKNNLiu(K=200,fit_decay=8.267195767195768e-07,predict_decay=0)":0.0880942491,"TARSItemKNNDing(K=200,predict_decay=0.0002777777777777778,similarity=cosine)":0.0917885806,"TARSItemKNNLiu2012(K=200,decay=2)":0.086809749,"TARSItemKNNVaz(K=200,fit_decay=3.8580246913580245e-07,predict_decay=0.0002777777777777778)":0.065067801,"TARSItemKNN(K=200,decay_function=exponential,decay_interval=1,fit_decay=3.8580246913580245e-07,predict_decay=0.0002777777777777778,similarity=cosine)":0.0783953317,"TARSItemKNN(K=200,decay_function=log,decay_interval=1,fit_decay=2,predict_decay=2,similarity=cosine)":0.0889772949,"TARSItemKNN(K=200,decay_function=linear,decay_interval=1,fit_decay=0.9,predict_decay=0.1,similarity=cosine)":0.0800330314,"TARSItemKNN(K=200,decay_function=concave,decay_interval=1,fit_decay=0.7,predict_decay=0.1,similarity=cosine)":0.0810390451,"TARSItemKNN(K=200,decay_function=linear_steeper,decay_interval=1,fit_decay=1,predict_decay=1,similarity=cosine)":0.083225838,"TARSItemKNN(K=200,decay_function=inverse,decay_interval=1,fit_decay=0.0002777777777777778,predict_decay=0.0002777777777777778,similarity=conditional_probability)":0.1073013149},"ndcgk_20":{"TARSItemKNNLee_W3(K=200,similarity=cosine)":0.099544025,"TARSItemKNNLee_W5(K=200,similarity=cosine)":0.0993384917,"TARSItemKNNLiu(K=200,fit_decay=8.267195767195768e-07,predict_decay=0)":0.0981265286,"TARSItemKNNDing(K=200,predict_decay=0.0002777777777777778,similarity=cosine)":0.1120689068,"TARSItemKNNLiu2012(K=200,decay=2)":0.107310573,"TARSItemKNNVaz(K=200,fit_decay=3.8580246913580245e-07,predict_decay=0.0002777777777777778)":0.1022095296,"TARSItemKNN(K=200,decay_function=exponential,decay_interval=1,fit_decay=3.8580246913580245e-07,predict_decay=0.0002777777777777778,similarity=cosine)":0.1027210876,"TARSItemKNN(K=200,decay_function=log,decay_interval=1,fit_decay=2,predict_decay=2,similarity=cosine)":0.1086207742,"TARSItemKNN(K=200,decay_function=linear,decay_interval=1,fit_decay=0.9,predict_decay=0.1,similarity=cosine)":0.1003698911,"TARSItemKNN(K=200,decay_function=concave,decay_interval=1,fit_decay=0.7,predict_decay=0.1,similarity=cosine)":0.0994590344,"TARSItemKNN(K=200,decay_function=linear_steeper,decay_interval=1,fit_decay=1,predict_decay=1,similarity=cosine)":0.100798439,"TARSItemKNN(K=200,decay_function=inverse,decay_interval=1,fit_decay=0.0002777777777777778,predict_decay=0.0002777777777777778,similarity=conditional_probability)":0.1213592184},"ndcgk_50":{"TARSItemKNNLee_W3(K=200,similarity=cosine)":0.1207896095,"TARSItemKNNLee_W5(K=200,similarity=cosine)":0.1228249285,"TARSItemKNNLiu(K=200,fit_decay=8.267195767195768e-07,predict_decay=0)":0.1085868766,"TARSItemKNNDing(K=200,predict_decay=0.0002777777777777778,similarity=cosine)":0.1334666668,"TARSItemKNNLiu2012(K=200,decay=2)":0.1278330115,"TARSItemKNNVaz(K=200,fit_decay=3.8580246913580245e-07,predict_decay=0.0002777777777777778)":0.1306683741,"TARSItemKNN(K=200,decay_function=exponential,decay_interval=1,fit_decay=3.8580246913580245e-07,predict_decay=0.0002777777777777778,similarity=cosine)":0.1168849195,"TARSItemKNN(K=200,decay_function=log,decay_interval=1,fit_decay=2,predict_decay=2,similarity=cosine)":0.130037773,"TARSItemKNN(K=200,decay_function=linear,decay_interval=1,fit_decay=0.9,predict_decay=0.1,similarity=cosine)":0.1239134936,"TARSItemKNN(K=200,decay_function=concave,decay_interval=1,fit_decay=0.7,predict_decay=0.1,similarity=cosine)":0.1229324685,"TARSItemKNN(K=200,decay_function=linear_steeper,decay_interval=1,fit_decay=1,predict_decay=1,similarity=cosine)":0.123128272,"TARSItemKNN(K=200,decay_function=inverse,decay_interval=1,fit_decay=0.0002777777777777778,predict_decay=0.0002777777777777778,similarity=conditional_probability)":0.1532748812},"coveragek_10":{"TARSItemKNNLee_W3(K=200,similarity=cosine)":0.0151581615,"TARSItemKNNLee_W5(K=200,similarity=cosine)":0.0152556417,"TARSItemKNNLiu(K=200,fit_decay=8.267195767195768e-07,predict_decay=0)":0.0151094215,"TARSItemKNNDing(K=200,predict_decay=0.0002777777777777778,similarity=cosine)":0.0154506019,"TARSItemKNNLiu2012(K=200,decay=2)":0.0149632012,"TARSItemKNNVaz(K=200,fit_decay=3.8580246913580245e-07,predict_decay=0.0002777777777777778)":0.0158405225,"TARSItemKNN(K=200,decay_function=exponential,decay_interval=1,fit_decay=3.8580246913580245e-07,predict_decay=0.0002777777777777778,similarity=cosine)":0.0153531218,"TARSItemKNN(K=200,decay_function=log,decay_interval=1,fit_decay=2,predict_decay=2,similarity=cosine)":0.0153043817,"TARSItemKNN(K=200,decay_function=linear,decay_interval=1,fit_decay=0.9,predict_decay=0.1,similarity=cosine)":0.0150119413,"TARSItemKNN(K=200,decay_function=concave,decay_interval=1,fit_decay=0.7,predict_decay=0.1,similarity=cosine)":0.0150606814,"TARSItemKNN(K=200,decay_function=linear_steeper,decay_interval=1,fit_decay=1,predict_decay=1,similarity=cosine)":0.0153531218,"TARSItemKNN(K=200,decay_function=inverse,decay_interval=1,fit_decay=0.0002777777777777778,predict_decay=0.0002777777777777778,similarity=conditional_probability)":0.011941317},"coveragek_20":{"TARSItemKNNLee_W3(K=200,similarity=cosine)":0.0271969586,"TARSItemKNNLee_W5(K=200,similarity=cosine)":0.0272456987,"TARSItemKNNLiu(K=200,fit_decay=8.267195767195768e-07,predict_decay=0)":0.0266120778,"TARSItemKNNDing(K=200,predict_decay=0.0002777777777777778,similarity=cosine)":0.0276356192,"TARSItemKNNLiu2012(K=200,decay=2)":0.0271482186,"TARSItemKNNVaz(K=200,fit_decay=3.8580246913580245e-07,predict_decay=0.0002777777777777778)":0.0287079008,"TARSItemKNN(K=200,decay_function=exponential,decay_interval=1,fit_decay=3.8580246913580245e-07,predict_decay=0.0002777777777777778,similarity=cosine)":0.0276356192,"TARSItemKNN(K=200,decay_function=log,decay_interval=1,fit_decay=2,predict_decay=2,similarity=cosine)":0.0271969586,"TARSItemKNN(K=200,decay_function=linear,decay_interval=1,fit_decay=0.9,predict_decay=0.1,similarity=cosine)":0.0270019983,"TARSItemKNN(K=200,decay_function=concave,decay_interval=1,fit_decay=0.7,predict_decay=0.1,similarity=cosine)":0.0270019983,"TARSItemKNN(K=200,decay_function=linear_steeper,decay_interval=1,fit_decay=1,predict_decay=1,similarity=cosine)":0.0272456987,"TARSItemKNN(K=200,decay_function=inverse,decay_interval=1,fit_decay=0.0002777777777777778,predict_decay=0.0002777777777777778,similarity=conditional_probability)":0.0201296486},"calibratedrecallk_10":{"TARSItemKNNLee_W3(K=200,similarity=cosine)":0.1419047619,"TARSItemKNNLee_W5(K=200,similarity=cosine)":0.1294047619,"TARSItemKNNLiu(K=200,fit_decay=8.267195767195768e-07,predict_decay=0)":0.1354761905,"TARSItemKNNDing(K=200,predict_decay=0.0002777777777777778,similarity=cosine)":0.1335714286,"TARSItemKNNLiu2012(K=200,decay=2)":0.1294047619,"TARSItemKNNVaz(K=200,fit_decay=3.8580246913580245e-07,predict_decay=0.0002777777777777778)":0.0794047619,"TARSItemKNN(K=200,decay_function=exponential,decay_interval=1,fit_decay=3.8580246913580245e-07,predict_decay=0.0002777777777777778,similarity=cosine)":0.1146428571,"TARSItemKNN(K=200,decay_function=log,decay_interval=1,fit_decay=2,predict_decay=2,similarity=cosine)":0.1294047619,"TARSItemKNN(K=200,decay_function=linear,decay_interval=1,fit_decay=0.9,predict_decay=0.1,similarity=cosine)":0.1294047619,"TARSItemKNN(K=200,decay_function=concave,decay_interval=1,fit_decay=0.7,predict_decay=0.1,similarity=cosine)":0.1329761905,"TARSItemKNN(K=200,decay_function=linear_steeper,decay_interval=1,fit_decay=1,predict_decay=1,similarity=cosine)":0.1371428571,"TARSItemKNN(K=200,decay_function=inverse,decay_interval=1,fit_decay=0.0002777777777777778,predict_decay=0.0002777777777777778,similarity=conditional_probability)":0.1504761905},"calibratedrecallk_20":{"TARSItemKNNLee_W3(K=200,similarity=cosine)":0.1832142857,