{"ndcgk_10":{"TARSItemKNNHermann(K=200,decay_interval=1)":0.0150256076,"TARSItemKNNXia(K=200,decay_function=convex,decay_interval=2071555,fit_decay=0.955459033810696)":0.00427791,"TARSItemKNNCoocDistance(K=200,decay_function=exponential,decay_interval=1,event_age_weight=0.27947924282365955,fit_decay=0.5698589393437922,predict_decay=0.0028855602989410227,similarity=hermann)":0.0487100881,"TARSItemKNNCoocDistance(K=200,decay_function=log,decay_interval=493555,event_age_weight=0.004032749438473086,fit_decay=16,predict_decay=12,similarity=cooc)":0.0045770169,"TARSItemKNNCoocDistance(K=200,decay_function=linear,decay_interval=1042618,event_age_weight=0.9970808545512958,fit_decay=9.012950537461979,predict_decay=0.9841421358598877,similarity=cooc)":0.0546324511},"ndcgk_20":{"TARSItemKNNHermann(K=200,decay_interval=1)":0.0226206228,"TARSItemKNNXia(K=200,decay_function=convex,decay_interval=2071555,fit_decay=0.955459033810696)":0.0051703712,"TARSItemKNNCoocDistance(K=200,decay_function=exponential,decay_interval=1,event_age_weight=0.27947924282365955,fit_decay=0.5698589393437922,predict_decay=0.0028855602989410227,similarity=hermann)":0.0581905122,"TARSItemKNNCoocDistance(K=200,decay_function=log,decay_interval=493555,event_age_weight=0.004032749438473086,fit_decay=16,predict_decay=12,similarity=cooc)":0.0054111103,"TARSItemKNNCoocDistance(K=200,decay_function=linear,decay_interval=1042618,event_age_weight=0.9970808545512958,fit_decay=9.012950537461979,predict_decay=0.9841421358598877,similarity=cooc)":0.0719247015},"ndcgk_50":{"TARSItemKNNHermann(K=200,decay_interval=1)":0.0343460625,"TARSItemKNNXia(K=200,decay_function=convex,decay_interval=2071555,fit_decay=0.955459033810696)":0.0092681098,"TARSItemKNNCoocDistance(K=200,decay_function=exponential,decay_interval=1,event_age_weight=0.27947924282365955,fit_decay=0.5698589393437922,predict_decay=0.0028855602989410227,similarity=hermann)":0.0641648918,"TARSItemKNNCoocDistance(K=200,decay_function=log,decay_interval=493555,event_age_weight=0.004032749438473086,fit_decay=16,predict_decay=12,similarity=cooc)":0.0091144837,"TARSItemKNNCoocDistance(K=200,decay_function=linear,decay_interval=1042618,event_age_weight=0.9970808545512958,fit_decay=9.012950537461979,predict_decay=0.9841421358598877,similarity=cooc)":0.0822365333},"coveragek_10":{"TARSItemKNNHermann(K=200,decay_interval=1)":0.8197132616,"TARSItemKNNXia(K=200,decay_function=convex,decay_interval=2071555,fit_decay=0.955459033810696)":0.0867383513,"TARSItemKNNCoocDistance(K=200,decay_function=exponential,decay_interval=1,event_age_weight=0.27947924282365955,fit_decay=0.5698589393437922,predict_decay=0.0028855602989410227,similarity=hermann)":0.0759856631,"TARSItemKNNCoocDistance(K=200,decay_function=log,decay_interval=493555,event_age_weight=0.004032749438473086,fit_decay=16,predict_decay=12,similarity=cooc)":0.0910394265,"TARSItemKNNCoocDistance(K=200,decay_function=linear,decay_interval=1042618,event_age_weight=0.9970808545512958,fit_decay=9.012950537461979,predict_decay=0.9841421358598877,similarity=cooc)":0.170609319},"coveragek_20":{"TARSItemKNNHermann(K=200,decay_interval=1)":0.8967741935,"TARSItemKNNXia(K=200,decay_function=convex,decay_interval=2071555,fit_decay=0.955459033810696)":0.1358422939,"TARSItemKNNCoocDistance(K=200,decay_function=exponential,decay_interval=1,event_age_weight=0.27947924282365955,fit_decay=0.5698589393437922,predict_decay=0.0028855602989410227,similarity=hermann)":0.088172043,"TARSItemKNNCoocDistance(K=200,decay_function=log,decay_interval=493555,event_age_weight=0.004032749438473086,fit_decay=16,predict_decay=12,similarity=cooc)":0.1433691756,"TARSItemKNNCoocDistance(K=200,decay_function=linear,decay_interval=1042618,event_age_weight=0.9970808545512958,fit_decay=9.012950537461979,predict_decay=0.9841421358598877,similarity=cooc)":0.2207885305},"calibratedrecallk_10":{"TARSItemKNNHermann(K=200,decay_interval=1)":0.030611618,"TARSItemKNNXia(K=200,decay_function=convex,decay_interval=2071555,fit_decay=0.955459033810696)":0.0088624704,"TARSItemKNNCoocDistance(K=200,decay_function=exponential,decay_interval=1,event_age_weight=0.27947924282365955,fit_decay=0.5698589393437922,predict_decay=0.0028855602989410227,similarity=hermann)":0.0984855466,"TARSItemKNNCoocDistance(K=200,decay_function=log,decay_interval=493555,event_age_weight=0.004032749438473086,fit_decay=16,predict_decay=12,similarity=cooc)":0.0092925383,"TARSItemKNNCoocDistance(K=200,decay_function=linear,decay_interval=1042618,event_age_weight=0.9970808545512958,fit_decay=9.012950537461979,predict_decay=0.9841421358598877,similarity=cooc)":0.1106656837},"calibratedrecallk_20":{"TARSItemKNNHermann(K=200,decay_interval=1)":0.0613153934,"TARSItemKNNXia(K=200,decay_function=convex,decay_interval=2071555,fit_decay=0.955459033810696)":0.0125026879,"TARSItemKNNCoocDistance(K=200,decay_function=exponential,decay_interval=1,event_age_weight=0.27947924282365955,fit_decay=0.5698589393437922,predict_decay=0.0028855602989410227,similarity=hermann)":0.1356556999,"TARSItemKNNCoocDistance(K=200,decay_function=log,decay_interval=493555,event_age_weight=0.004032749438473086,fit_decay=16,predict_decay=12,similarity=cooc)":0.0126255645,"TARSItemKNNCoocDistance(K=200,decay_function=linear,decay_interval=1042618,event_age_weight=0.9970808545512958,fit_decay=9.012950537461979,predict_decay=0.9841421358598877,similarity=cooc)":0.1786317697},"calibratedrecallk_50":{"TARSItemKNNHermann(K=200,decay_interval=1)":0.1204650877,"TARSItemKNNXia(K=200,decay_function=convex,decay_interval=2071555,fit_decay=0.955459033810696)":0.0334838571,"TARSItemKNNCoocDistance(K=200,decay_function=exponential,decay_interval=1,event_age_weight=0.27947924282365955,fit_decay=0.5698589393437922,predict_decay=0.0028855602989410227,similarity=hermann)":0.1649617547,"TARSItemKNNCoocDistance(K=200,decay_function=log,decay_interval=493555,event_age_weight=0.004032749438473086,fit_decay=16,predict_decay=12,similarity=cooc)":0.0318250238,"TARSItemKNNCoocDistance(K=200,decay_function=linear,decay_interval=1042618,event_age_weight=0.9970808545512958,fit_decay=9.012950537461979,predict_decay=0.9841421358598877,similarity=cooc)":0.229579455},"reciprocalrankk_10":{"TARSItemKNNHermann(K=200,decay_interval=1)":0.0103340694,"TARSItemKNNXia(K=200,decay_function=convex,decay_interval=2071555,fit_decay=0.955459033810696)":0.0028549474,"TARSItemKNNCoocDistance(K=200,decay_function=exponential,decay_interval=1,event_age_weight=0.27947924282365955,fit_decay=0.5698589393437922,predict_decay=0.0028855602989410227,similarity=hermann)":0.0335015511,"TARSItemKNNCoocDistance(K=200,decay_function=log,decay_interval=493555,event_age_weight=0.004032749438473086,fit_decay=16,predict_decay=12,similarity=cooc)":0.003129457,"TARSItemKNNCoocDistance(K=200,decay_function=linear,decay_interval=1042618,event_age_weight=0.9970808545512958,fit_decay=9.012950537461979,predict_decay=0.9841421358598877,similarity=cooc)":0.0378832517},"reciprocalrankk_20":{"TARSItemKNNHermann(K=200,decay_interval=1)":0.0123308488,"TARSItemKNNXia(K=200,decay_function=convex,decay_interval=2071555,fit_decay=0.955459033810696)":0.003085416,"TARSItemKNNCoocDistance(K=200,decay_function=exponential,decay_interval=1,event_age_weight=0.27947924282365955,fit_decay=0.5698589393437922,predict_decay=0.0028855602989410227,similarity=hermann)":0.0361472259,"TARSItemKNNCoocDistance(K=200,decay_function=log,decay_interval=493555,event_age_weight=0.004032749438473086,fit_decay=16,predict_decay=12,similarity=cooc)":0.0033538706,"TARSItemKNNCoocDistance(K=200,decay_function=linear,decay_interval=1042618,event_age_weight=0.9970808545512958,fit_decay=9.012950537461979,predict_decay=0.9841421358598877,similarity=cooc)":0.042685829},