{
    "ndcgk_10": {
        "TARSItemKNNLee_W3(K=200,similarity=cosine)": 0.171035708,
        "TARSItemKNNLee_W5(K=200,similarity=cosine)": 0.1728088589,
        "TARSItemKNNLiu(K=200,fit_decay=8.267195767195768e-07,predict_decay=0.0002777777777777778)": 0.1853153579,
        "TARSItemKNNDing(K=200,predict_decay=0.0002777777777777778,similarity=cosine)": 0.168879242,
        "TARSItemKNNLiu2012(K=200,decay=1000)": 0.165913828,
        "TARSItemKNNVaz(K=200,fit_decay=8.267195767195768e-07,predict_decay=0.0002777777777777778)": 0.1716301756,
        "TARSItemKNNLee(K=200,W=16,similarity=cosine)": 0.1738803123,
        "TARSItemKNN(K=200,decay_function=exponential,decay_interval=1,fit_decay=8.267195767195768e-07,predict_decay=0.0002777777777777778,similarity=cosine)": 0.1853153579,
        "TARSItemKNN(K=200,decay_function=linear,decay_interval=1,fit_decay=1,predict_decay=1,similarity=cosine)": 0.1743183602,
        "TARSItemKNN(K=200,decay_function=concave,decay_interval=1,fit_decay=0.9,predict_decay=0.9,similarity=cosine)": 0.1741860161,
        "TARSItemKNN(K=200,decay_function=linear_steeper,decay_interval=1,fit_decay=5,predict_decay=1,similarity=cosine)": 0.1815771818,
        "TARSItemKNN(K=200,decay_function=inverse,decay_interval=1,fit_decay=0.0002777777777777778,predict_decay=0.0002777777777777778,similarity=conditional_probability)": 0.1422587825
    },
    "ndcgk_20": {
        "TARSItemKNNLee_W3(K=200,similarity=cosine)": 0.1905804257,
        "TARSItemKNNLee_W5(K=200,similarity=cosine)": 0.1923920353,
        "TARSItemKNNLiu(K=200,fit_decay=8.267195767195768e-07,predict_decay=0.0002777777777777778)": 0.2042903425,
        "TARSItemKNNDing(K=200,predict_decay=0.0002777777777777778,similarity=cosine)": 0.1883183655,
        "TARSItemKNNLiu2012(K=200,decay=1000)": 0.1853734712,
        "TARSItemKNNVaz(K=200,fit_decay=8.267195767195768e-07,predict_decay=0.0002777777777777778)": 0.1890919997,
        "TARSItemKNNLee(K=200,W=16,similarity=cosine)": 0.1934763098,
        "TARSItemKNN(K=200,decay_function=exponential,decay_interval=1,fit_decay=8.267195767195768e-07,predict_decay=0.0002777777777777778,similarity=cosine)": 0.2042903425,
        "TARSItemKNN(K=200,decay_function=linear,decay_interval=1,fit_decay=1,predict_decay=1,similarity=cosine)": 0.1938388789,
        "TARSItemKNN(K=200,decay_function=concave,decay_interval=1,fit_decay=0.9,predict_decay=0.9,similarity=cosine)": 0.1937203851,
        "TARSItemKNN(K=200,decay_function=linear_steeper,decay_interval=1,fit_decay=5,predict_decay=1,similarity=cosine)": 0.2008017718,
        "TARSItemKNN(K=200,decay_function=inverse,decay_interval=1,fit_decay=0.0002777777777777778,predict_decay=0.0002777777777777778,similarity=conditional_probability)": 0.1601085247
    },
    "ndcgk_50": {
        "TARSItemKNNLee_W3(K=200,similarity=cosine)": 0.2084517151,
        "TARSItemKNNLee_W5(K=200,similarity=cosine)": 0.2101573388,
        "TARSItemKNNLiu(K=200,fit_decay=8.267195767195768e-07,predict_decay=0.0002777777777777778)": 0.2209694251,
        "TARSItemKNNDing(K=200,predict_decay=0.0002777777777777778,similarity=cosine)": 0.2064775459,
        "TARSItemKNNLiu2012(K=200,decay=1000)": 0.2037177131,
        "TARSItemKNNVaz(K=200,fit_decay=8.267195767195768e-07,predict_decay=0.0002777777777777778)": 0.2054107082,
        "TARSItemKNNLee(K=200,W=16,similarity=cosine)": 0.211198173,
        "TARSItemKNN(K=200,decay_function=exponential,decay_interval=1,fit_decay=8.267195767195768e-07,predict_decay=0.0002777777777777778,similarity=cosine)": 0.2209694251,
        "TARSItemKNN(K=200,decay_function=linear,decay_interval=1,fit_decay=1,predict_decay=1,similarity=cosine)": 0.2115873978,
        "TARSItemKNN(K=200,decay_function=concave,decay_interval=1,fit_decay=0.9,predict_decay=0.9,similarity=cosine)": 0.2114611794,
        "TARSItemKNN(K=200,decay_function=linear_steeper,decay_interval=1,fit_decay=5,predict_decay=1,similarity=cosine)": 0.2177715675,
        "TARSItemKNN(K=200,decay_function=inverse,decay_interval=1,fit_decay=0.0002777777777777778,predict_decay=0.0002777777777777778,similarity=conditional_probability)": 0.1787115578
    },
    "coveragek_10": {
        "TARSItemKNNLee_W3(K=200,similarity=cosine)": 0.8601647414,
        "TARSItemKNNLee_W5(K=200,similarity=cosine)": 0.8500755471,
        "TARSItemKNNLiu(K=200,fit_decay=8.267195767195768e-07,predict_decay=0.0002777777777777778)": 0.7797923673,
        "TARSItemKNNDing(K=200,predict_decay=0.0002777777777777778,similarity=cosine)": 0.8817565921,
        "TARSItemKNNLiu2012(K=200,decay=1000)": 0.8808792708,
        "TARSItemKNNVaz(K=200,fit_decay=8.267195767195768e-07,predict_decay=0.0002777777777777778)": 0.7808159088,
        "TARSItemKNNLee(K=200,W=16,similarity=cosine)": 0.8464200419,
        "TARSItemKNN(K=200,decay_function=exponential,decay_interval=1,fit_decay=8.267195767195768e-07,predict_decay=0.0002777777777777778,similarity=cosine)": 0.7797923673,
        "TARSItemKNN(K=200,decay_function=linear,decay_interval=1,fit_decay=1,predict_decay=1,similarity=cosine)": 0.8439342984,
        "TARSItemKNN(K=200,decay_function=concave,decay_interval=1,fit_decay=0.9,predict_decay=0.9,similarity=cosine)": 0.8449090998,
        "TARSItemKNN(K=200,decay_function=linear_steeper,decay_interval=1,fit_decay=5,predict_decay=1,similarity=cosine)": 0.7775503241,
        "TARSItemKNN(K=200,decay_function=inverse,decay_interval=1,fit_decay=0.0002777777777777778,predict_decay=0.0002777777777777778,similarity=conditional_probability)": 0.6047667788
    },
    "coveragek_20": {
        "TARSItemKNNLee_W3(K=200,similarity=cosine)": 0.9331773651,
        "TARSItemKNNLee_W5(K=200,similarity=cosine)": 0.9238192718,
        "TARSItemKNNLiu(K=200,fit_decay=8.267195767195768e-07,predict_decay=0.0002777777777777778)": 0.8332114832,
        "TARSItemKNNDing(K=200,predict_decay=0.0002777777777777778,similarity=cosine)": 0.9489691475,
        "TARSItemKNNLiu2012(K=200,decay=1000)": 0.9485304869,
        "TARSItemKNNVaz(K=200,fit_decay=8.267195767195768e-07,predict_decay=0.0002777777777777778)": 0.8297509382,
        "TARSItemKNNLee(K=200,W=16,similarity=cosine)": 0.9167032217,
        "TARSItemKNN(K=200,decay_function=exponential,decay_interval=1,fit_decay=8.267195767195768e-07,predict_decay=0.0002777777777777778,similarity=cosine)": 0.8332114832,
        "TARSItemKNN(K=200,decay_function=linear,decay_interval=1,fit_decay=1,predict_decay=1,similarity=cosine)": 0.9156309402,
        "TARSItemKNN(K=200,decay_function=concave,decay_interval=1,fit_decay=0.9,predict_decay=0.9,similarity=cosine)": 0.9157771604,
        "TARSItemKNN(K=200,decay_function=linear_steeper,decay_interval=1,fit_decay=5,predict_decay=1,similarity=cosine)": 0.8156650582,
        "TARSItemKNN(K=200,decay_function=inverse,decay_interval=1,fit_decay=0.0002777777777777778,predict_decay=0.0002777777777777778,similarity=conditional_probability)": 0.7181361798
    },
    "calibratedrecallk_10": {
        "TARSItemKNNLee_W3(K=200,similarity=cosine)": 0.2910769989,
        "TARSItemKNNLee_W5(K=200,similarity=cosine)": 0.293852156,
        "TARSItemKNNLiu(K=200,fit_decay=8.267195767195768e-07,predict_decay=0.0002777777777777778)": 0.312058546,
        "TARSItemKNNDing(K=200,predict_decay=0.0002777777777777778,similarity=cosine)": 0.2878258578,
        "TARSItemKNNLiu2012(K=200,decay=1000)": 0.2840434845,
        "TARSItemKNNVaz(K=200,fit_decay=8.267195767195768e-07,predict_decay=0.0002777777777777778)": 0.2895895488,