{"ndcgk_10":{"TARSItemKNNHermann(K=200,decay_interval=2215838)":0.0150256076,"TARSItemKNNXia(K=200,decay_function=convex,decay_interval=1135193,fit_decay=0.0025202477383527958)":0.0042299587,"TARSItemKNNXia(K=200,decay_function=convex,decay_interval=82033,fit_decay=0.0024921604335914893)":0.0044711387,"TARSItemKNNXia(K=200,decay_function=convex,decay_interval=1098906,fit_decay=0.9685963219108967)":0.0042821009},"ndcgk_20":{"TARSItemKNNHermann(K=200,decay_interval=2215838)":0.0226206228,"TARSItemKNNXia(K=200,decay_function=convex,decay_interval=1135193,fit_decay=0.0025202477383527958)":0.0054283019,"TARSItemKNNXia(K=200,decay_function=convex,decay_interval=82033,fit_decay=0.0024921604335914893)":0.0059678019,"TARSItemKNNXia(K=200,decay_function=convex,decay_interval=1098906,fit_decay=0.9685963219108967)":0.005173768},"ndcgk_50":{"TARSItemKNNHermann(K=200,decay_interval=2215838)":0.0343460625,"TARSItemKNNXia(K=200,decay_function=convex,decay_interval=1135193,fit_decay=0.0025202477383527958)":0.0077881791,"TARSItemKNNXia(K=200,decay_function=convex,decay_interval=82033,fit_decay=0.0024921604335914893)":0.0085197129,"TARSItemKNNXia(K=200,decay_function=convex,decay_interval=1098906,fit_decay=0.9685963219108967)":0.0092698988},"coveragek_10":{"TARSItemKNNHermann(K=200,decay_interval=2215838)":0.8197132616,"TARSItemKNNXia(K=200,decay_function=convex,decay_interval=1135193,fit_decay=0.0025202477383527958)":0.1207885305,"TARSItemKNNXia(K=200,decay_function=convex,decay_interval=82033,fit_decay=0.0024921604335914893)":0.1913978495,"TARSItemKNNXia(K=200,decay_function=convex,decay_interval=1098906,fit_decay=0.9685963219108967)":0.0867383513},"coveragek_20":{"TARSItemKNNHermann(K=200,decay_interval=2215838)":0.8967741935,"TARSItemKNNXia(K=200,decay_function=convex,decay_interval=1135193,fit_decay=0.0025202477383527958)":0.1802867384,"TARSItemKNNXia(K=200,decay_function=convex,decay_interval=82033,fit_decay=0.0024921604335914893)":0.2827956989,"TARSItemKNNXia(K=200,decay_function=convex,decay_interval=1098906,fit_decay=0.9685963219108967)":0.1358422939},"calibratedrecallk_10":{"TARSItemKNNHermann(K=200,decay_interval=2215838)":0.030611618,"TARSItemKNNXia(K=200,decay_function=convex,decay_interval=1135193,fit_decay=0.0025202477383527958)":0.0085552791,"TARSItemKNNXia(K=200,decay_function=convex,decay_interval=82033,fit_decay=0.0024921604335914893)":0.0089699874,"TARSItemKNNXia(K=200,decay_function=convex,decay_interval=1098906,fit_decay=0.9685963219108967)":0.00887783},"calibratedrecallk_20":{"TARSItemKNNHermann(K=200,decay_interval=2215838)":0.0613153934,"TARSItemKNNXia(K=200,decay_function=convex,decay_interval=1135193,fit_decay=0.0025202477383527958)":0.0133628237,"TARSItemKNNXia(K=200,decay_function=convex,decay_interval=82033,fit_decay=0.0024921604335914893)":0.0149448592,"TARSItemKNNXia(K=200,decay_function=convex,decay_interval=1098906,fit_decay=0.9685963219108967)":0.0125180475},"calibratedrecallk_50":{"TARSItemKNNHermann(K=200,decay_interval=2215838)":0.1204650877,"TARSItemKNNXia(K=200,decay_function=convex,decay_interval=1135193,fit_decay=0.0025202477383527958)":0.025389365,"TARSItemKNNXia(K=200,decay_function=convex,decay_interval=82033,fit_decay=0.0024921604335914893)":0.0279697724,"TARSItemKNNXia(K=200,decay_function=convex,decay_interval=1098906,fit_decay=0.9685963219108967)":0.0334992167},"reciprocalrankk_10":{"TARSItemKNNHermann(K=200,decay_interval=2215838)":0.0103340694,"TARSItemKNNXia(K=200,decay_function=convex,decay_interval=1135193,fit_decay=0.0025202477383527958)":0.002931087,"TARSItemKNNXia(K=200,decay_function=convex,decay_interval=82033,fit_decay=0.0024921604335914893)":0.0031308528,"TARSItemKNNXia(K=200,decay_function=convex,decay_interval=1098906,fit_decay=0.9685963219108967)":0.0028561847},"reciprocalrankk_20":{"TARSItemKNNHermann(K=200,decay_interval=2215838)":0.0123308488,"TARSItemKNNXia(K=200,decay_function=convex,decay_interval=1135193,fit_decay=0.0025202477383527958)":0.0032509395,"TARSItemKNNXia(K=200,decay_function=convex,decay_interval=82033,fit_decay=0.0024921604335914893)":0.003533939,"TARSItemKNNXia(K=200,decay_function=convex,decay_interval=1098906,fit_decay=0.9685963219108967)":0.003086048},"reciprocalrankk_50":{"TARSItemKNNHermann(K=200,decay_interval=2215838)":0.0142108424,"TARSItemKNNXia(K=200,decay_function=convex,decay_interval=1135193,fit_decay=0.0025202477383527958)":0.0036193802,"TARSItemKNNXia(K=200,decay_function=convex,decay_interval=82033,fit_decay=0.0024921604335914893)":0.0039303998,"TARSItemKNNXia(K=200,decay_function=convex,decay_interval=1098906,fit_decay=0.9685963219108967)":0.0037140917},"precisionk_10":{"TARSItemKNNHermann(K=200,decay_interval=2215838)":0.0030611618,"TARSItemKNNXia(K=200,decay_function=convex,decay_interval=1135193,fit_decay=0.0025202477383527958)":0.0008555279,"TARSItemKNNXia(K=200,decay_function=convex,decay_interval=82033,fit_decay=0.0024921604335914893)":0.0008969987,"TARSItemKNNXia(K=200,decay_function=convex,decay_interval=1098906,fit_decay=0.9685963219108967)":0.000887783},"precisionk_20":{"TARSItemKNNHermann(K=200,decay_interval=2215838)":0.0030657697,"TARSItemKNNXia(K=200,decay_function=convex,decay_interval=1135193,fit_decay=0.0025202477383527958)":0.0006681412,"TARSItemKNNXia(K=200,decay_function=convex,decay_interval=82033,fit_decay=0.0024921604335914893)":0.000747243,"TARSItemKNNXia(K=200,decay_function=convex,decay_interval=1098906,fit_decay=0.9685963219108967)":0.0006259024},"precisionk_50":{"TARSItemKNNHermann(K=200,decay_interval=2215838)":0.0024093018,"TARSItemKNNXia(K=200,decay_function=convex,decay_interval=1135193,fit_decay=0.0025202477383527958)":0.0005077873,"TARSItemKNNXia(K=200,decay_function=convex,decay_interval=82033,fit_decay=0.0024921604335914893)":0.0005593954,"TARSItemKNNXia(K=200,decay_function=convex,decay_interval=1098906,fit_decay=0.9685963219108967)":0.0006699843}}