{"ndcgk_10":{"TARSItemKNNLee_W3(K=200,similarity=cosine)":0.030074161,"TARSItemKNNLee_W5(K=200,similarity=cosine)":0.0306232222,"TARSItemKNNLiu(K=200,fit_decay=0,predict_decay=8.267195767195768e-07)":0.0363292992,"TARSItemKNNDing(K=200,predict_decay=8.267195767195768e-07,similarity=conditional_probability)":0.0325928193,"TARSItemKNNLiu2012(K=200,decay=10)":0.0317214071,"TARSItemKNNVaz(K=200,fit_decay=3.8580246913580245e-07,predict_decay=8.267195767195768e-07)":0.0174293436,"TARSItemKNN(K=200,decay_function=exponential,decay_interval=1,fit_decay=0,predict_decay=3.8580246913580245e-07,similarity=cosine)":0.0359064809,"TARSItemKNN(K=200,decay_function=log,decay_interval=1,fit_decay=32,predict_decay=2,similarity=cosine)":0.0319463699,"TARSItemKNN(K=200,decay_function=linear,decay_interval=1,fit_decay=5,predict_decay=10,similarity=conditional_probability)":0.0395114239,"TARSItemKNN(K=200,decay_function=concave,decay_interval=1,fit_decay=0.5,predict_decay=0.9,similarity=conditional_probability)":0.0309075922,"TARSItemKNN(K=200,decay_function=inverse,decay_interval=1,fit_decay=0.0002777777777777778,predict_decay=0.0002777777777777778,similarity=conditional_probability)":0.0205539816},"ndcgk_20":{"TARSItemKNNLee_W3(K=200,similarity=cosine)":0.036542691,"TARSItemKNNLee_W5(K=200,similarity=cosine)":0.0358690304,"TARSItemKNNLiu(K=200,fit_decay=0,predict_decay=8.267195767195768e-07)":0.0411518052,"TARSItemKNNDing(K=200,predict_decay=8.267195767195768e-07,similarity=conditional_probability)":0.0395936302,"TARSItemKNNLiu2012(K=200,decay=10)":0.03649273,"TARSItemKNNVaz(K=200,fit_decay=3.8580246913580245e-07,predict_decay=8.267195767195768e-07)":0.0205215042,"TARSItemKNN(K=200,decay_function=exponential,decay_interval=1,fit_decay=0,predict_decay=3.8580246913580245e-07,similarity=cosine)":0.0411777488,"TARSItemKNN(K=200,decay_function=log,decay_interval=1,fit_decay=32,predict_decay=2,similarity=cosine)":0.0372790161,"TARSItemKNN(K=200,decay_function=linear,decay_interval=1,fit_decay=5,predict_decay=10,similarity=conditional_probability)":0.0463905385,"TARSItemKNN(K=200,decay_function=concave,decay_interval=1,fit_decay=0.5,predict_decay=0.9,similarity=conditional_probability)":0.0375927909,"TARSItemKNN(K=200,decay_function=inverse,decay_interval=1,fit_decay=0.0002777777777777778,predict_decay=0.0002777777777777778,similarity=conditional_probability)":0.029518917},"ndcgk_50":{"TARSItemKNNLee_W3(K=200,similarity=cosine)":0.0440431671,"TARSItemKNNLee_W5(K=200,similarity=cosine)":0.0438448365,"TARSItemKNNLiu(K=200,fit_decay=0,predict_decay=8.267195767195768e-07)":0.0490596442,"TARSItemKNNDing(K=200,predict_decay=8.267195767195768e-07,similarity=conditional_probability)":0.0501042338,"TARSItemKNNLiu2012(K=200,decay=10)":0.0456046764,"TARSItemKNNVaz(K=200,fit_decay=3.8580246913580245e-07,predict_decay=8.267195767195768e-07)":0.0276829088,"TARSItemKNN(K=200,decay_function=exponential,decay_interval=1,fit_decay=0,predict_decay=3.8580246913580245e-07,similarity=cosine)":0.0490412504,"TARSItemKNN(K=200,decay_function=log,decay_interval=1,fit_decay=32,predict_decay=2,similarity=cosine)":0.0468768887,"TARSItemKNN(K=200,decay_function=linear,decay_interval=1,fit_decay=5,predict_decay=10,similarity=conditional_probability)":0.0553878932,"TARSItemKNN(K=200,decay_function=concave,decay_interval=1,fit_decay=0.5,predict_decay=0.9,similarity=conditional_probability)":0.0486308438,"TARSItemKNN(K=200,decay_function=inverse,decay_interval=1,fit_decay=0.0002777777777777778,predict_decay=0.0002777777777777778,similarity=conditional_probability)":0.0441619389},"coveragek_10":{"TARSItemKNNLee_W3(K=200,similarity=cosine)":0.4604170885,"TARSItemKNNLee_W5(K=200,similarity=cosine)":0.4631841803,"TARSItemKNNLiu(K=200,fit_decay=0,predict_decay=8.267195767195768e-07)":0.4838361342,"TARSItemKNNDing(K=200,predict_decay=8.267195767195768e-07,similarity=conditional_probability)":0.2428291827,"TARSItemKNNLiu2012(K=200,decay=10)":0.4347708713,"TARSItemKNNVaz(K=200,fit_decay=3.8580246913580245e-07,predict_decay=8.267195767195768e-07)":0.4405750152,"TARSItemKNN(K=200,decay_function=exponential,decay_interval=1,fit_decay=0,predict_decay=3.8580246913580245e-07,similarity=cosine)":0.4807315921,"TARSItemKNN(K=200,decay_function=log,decay_interval=1,fit_decay=32,predict_decay=2,similarity=cosine)":0.4517783627,"TARSItemKNN(K=200,decay_function=linear,decay_interval=1,fit_decay=5,predict_decay=10,similarity=conditional_probability)":0.2300735641,"TARSItemKNN(K=200,decay_function=concave,decay_interval=1,fit_decay=0.5,predict_decay=0.9,similarity=conditional_probability)":0.2076668691,"TARSItemKNN(K=200,decay_function=inverse,decay_interval=1,fit_decay=0.0002777777777777778,predict_decay=0.0002777777777777778,similarity=conditional_probability)":0.1885671863},"coveragek_20":{"TARSItemKNNLee_W3(K=200,similarity=cosine)":0.6670041169,"TARSItemKNNLee_W5(K=200,similarity=cosine)":0.6783424445,"TARSItemKNNLiu(K=200,fit_decay=0,predict_decay=8.267195767195768e-07)":0.6917054734,"TARSItemKNNDing(K=200,predict_decay=8.267195767195768e-07,similarity=conditional_probability)":0.3784841736,"TARSItemKNNLiu2012(K=200,decay=10)":0.628399811,"TARSItemKNNVaz(K=200,fit_decay=3.8580246913580245e-07,predict_decay=8.267195767195768e-07)":0.6304245124,"TARSItemKNN(K=200,decay_function=exponential,decay_interval=1,fit_decay=0,predict_decay=3.8580246913580245e-07,similarity=cosine)":0.6877235608,"TARSItemKNN(K=200,decay_function=log,decay_interval=1,fit_decay=32,predict_decay=2,similarity=cosine)":0.658162921,"TARSItemKNN(K=200,decay_function=linear,decay_interval=1,fit_decay=5,predict_decay=10,similarity=conditional_probability)":0.3516231356,"TARSItemKNN(K=200,decay_function=concave,decay_interval=1,fit_decay=0.5,predict_decay=0.9,similarity=conditional_probability)":0.3331983532,"TARSItemKNN(K=200,decay_function=inverse,decay_interval=1,fit_decay=0.0002777777777777778,predict_decay=0.0002777777777777778,similarity=conditional_probability)":0.2949989876},"calibratedrecallk_10":{"TARSItemKNNLee_W3(K=200,similarity=cosine)":0.0496070727,"TARSItemKNNLee_W5(K=200,similarity=cosine)":0.0510805501,"TARSItemKNNLiu(K=200,fit_decay=0,predict_decay=8.267195767195768e-07)":0.0574656189,"TARSItemKNNDing(K=200,predict_decay=8.267195767195768e-07,similarity=conditional_probability)":0.0550098232,"TARSItemKNNLiu2012(K=200,decay=10)":0.0525540275,"TARSItemKNNVaz(K=200,fit_decay=3.8580246913580245e-07,predict_decay=8.267195767195768e-07)":0.025540275,"TARSItemKNN(K=200,decay_function=exponential,decay_interval=1,fit_decay=0,predict_decay=3.8580246913580245e-07,similarity=cosine)":0.0569744597,"TARSItemKNN(K=200,decay_function=log,decay_interval=1,fit_decay=32,predict_decay=2,similarity=cosine)":0.0540275049,"TARSItemKNN(K=200,decay_function=linear,decay_interval=1,fit_decay=5,predict_decay=10,similarity=conditional_probability)":0.0663064833,"TARSItemKNN(K=200,decay_function=concave,decay_interval=1,fit_decay=0.5,predict_decay=0.9,similarity=conditional_probability)":0.0530451866,"TARSItemKNN(K=200,decay_function=inverse,decay_interval=1,fit_decay=0.0002777777777777778,predict_decay=0.0002777777777777778,similarity=conditional_probability)":0.0378192534},"calibratedrecallk_20":{"TARSItemKNNLee_W3(K=200,similarity=cosine)":0.0751473477,"TARSItemKNNLee_W5(K=200,similarity=cosine)":0.0717092338,"TARSItemKNNLiu(K=200,fit_decay=0,predict_decay=8.267195767195768e-07)":0.0771119843,"TARSItemKNNDing(K=200,predict_decay=8.267195767195768e-07,similarity=conditional_probability)":0.0825147348,